AmountOfPlay,AuthorID,Collection,Comment,CreationDate,Forwarding,Labels,NumberOfSongs,SongListName,SongsListID,Url
120812368,7017009,2637795,7169,2014-08-30,38289,轻音乐 学习 治愈 ,44,那些你熟悉却又不知道名字的轻音乐,26467411,https://music.163.com/playlist?id=26467411
1660776,342371680,19769,46,2024-04-12,310,欧美 R&B/Soul 放松 ,221,100%松弛度/灵魂乐R&B 慵懒 迷幻氛围,9772379403,https://music.163.com/playlist?id=9772379403
260906,301543163,7158,20,2024-09-07,40,华语 流行 放松 ,55,"【你也喜欢·世界之外】合集歌单 | 更新中
",12566993369,https://music.163.com/playlist?id=12566993369
119660,1520836115,985,评论,2024-12-17,26,欧美 R&B/Soul 放松 ,55,「 松弛感R & B 」自由的灵魂才是幸福之源,13009832748,https://music.163.com/playlist?id=13009832748
21065,8664728565,272,评论,2025-02-21,4,网络歌曲 流行 伤感 ,177,幸福像似体验卡 记忆却是永久的,13350402076,https://music.163.com/playlist?id=13350402076
33203,1688388337,1042,评论,2024-05-25,9,游戏 ACG ,114,【崩铁】星穹铁道 新春会/生日会/二创BGM,10094665726,https://music.163.com/playlist?id=10094665726
41658,342371680,335,3,2025-04-01,3,欧美 流行 说唱 ,82,欧美hiphop高质/Trap美式/精神良剂,13523814994,https://music.163.com/playlist?id=13523814994
172396,544916722,1169,8,2024-04-17,13,摇滚 流行 华语 ,36,发疯｜释放内心自由的狂野,9824218561,https://music.163.com/playlist?id=9824218561
30339,1520836115,274,6,2025-02-11,1,治愈 放松 安静 ,164,远离喧嚣 沉浸在自己的幻想世界吧,13304244461,https://music.163.com/playlist?id=13304244461
254724,1452890391,2437,10,2025-01-18,22,流行 说唱 ,121,超绝进鼓|拯救心灵的超爽力量,13164652785,https://music.163.com/playlist?id=13164652785
319429,342371680,3156,20,2024-06-28,83,欧美 放松 R&B/Soul ,189,松弛感R&B | chill沉浸 音乐是灵魂的救心丸,12236731834,https://music.163.com/playlist?id=12236731834
87690,3382619266,1251,29,2025-01-14,34,伤感 安静 ,37,命缘相思苦刀斩不断忧郁,13136684383,https://music.163.com/playlist?id=13136684383
71688,1856398242,954,22,2024-11-29,22,孤独 思念 ,48,渴望幸福的同时 痛苦也随着蔓延,12926855134,https://music.163.com/playlist?id=12926855134
168939,342371680,944,评论,2025-01-08,16,欧美 流行 放松 ,164,欧美&阳光向 | 自由 律动 舒适 松弛 氛围,13111708035,https://music.163.com/playlist?id=13111708035
15811,7872690377,83,评论,2025-02-27,0,欧美 流行 放松 ,50,合伙人优选｜可惜你不听英文歌 也不懂我,13375692501,https://music.163.com/playlist?id=13375692501
282213,342371680,5836,22,2024-06-22,77,电子 安静 孤独 ,89,梦核美学 | 渗透灵魂 量子 冥想 感知乐,12210493597,https://music.163.com/playlist?id=12210493597
28222,3342043007,690,17,2025-03-28,15,流行 思念 ,138,如果泪水比爱多那我们就划船吧.,13503767878,https://music.163.com/playlist?id=13503767878
409544,1520836115,3765,6,2024-12-23,65,欧美 R&B/Soul 放松 ,103,蓝调R&B丨微醺特调，内卷中的舒心剂,13034270031,https://music.163.com/playlist?id=13034270031
564592,5202132330,7915,31,2024-03-15,61,轻音乐 孤独 ,217,孤独感拉满BGM“风虽大却都绕过我的灵魂”,9444599062,https://music.163.com/playlist?id=9444599062
239915,271804503,2533,6,2025-02-11,47,粤语 华语 影视原声 ,82,单依纯2025全国1️⃣巡演唱会歌单,13301778325,https://music.163.com/playlist?id=13301778325
128384,559578053,988,1,2025-02-10,14,韩语 影视原声 ,98,战歌起｜论韩剧OST的宿命感,13299910064,https://music.163.com/playlist?id=13299910064
261746,1347865971,1819,37,2024-03-10,18,流行 夜晚 伤感 ,117,深夜emo歌单，遗憾的又何止是她,9405032053,https://music.163.com/playlist?id=9405032053
8642,12765484200,122,评论,2025-02-01,0,孤独 安静 华语 ,98,明天我一定幸福,13249109821,https://music.163.com/playlist?id=13249109821
132605,1378494832,792,2,2025-01-31,9,流行 浪漫 欧美 ,74,前奏一听就爱上｜抓耳旋律｜在日落大道出逃,13242318448,https://music.163.com/playlist?id=13242318448
103709,1520836115,913,评论,2025-02-20,24,放松 清新 治愈 ,95,春天｜让万物复苏的春日小调,13346375466,https://music.163.com/playlist?id=13346375466
3207,5081331859,84,5,2025-05-17,14,日语 流行 ,62,日本偶像团体SixTONES流媒解禁！,13723483415,https://music.163.com/playlist?id=13723483415
2371,45356986,14,评论,2025-04-24,0,欧美 R&B/Soul ,51,环海R&B：海风掠过耳畔，氤氲烂漫节奏,13622202979,https://music.163.com/playlist?id=13622202979
421968,468356020,5305,25,2024-12-13,66,欧美 流行 兴奋 ,84,她力量｜高能量显化 好运磁场源源不断,12987846364,https://music.163.com/playlist?id=12987846364
302192,342371680,2001,5,2024-01-26,48,欧美 流行 治愈 ,92,自由是灵魂的氧气 | 阳光 音乐 生命力！,9210116329,https://music.163.com/playlist?id=9210116329
167448,342371680,1754,8,2024-04-08,125,欧美 R&B/Soul 浪漫 ,90,心动R&B | 轻快鼓点 浪漫心动贩卖机！,9712300936,https://music.163.com/playlist?id=9712300936
19927,342371680,286,评论,2024-06-17,5,日语 流行 民谣 ,53,日语轻小调 | 温柔又治愈的日语民谣歌曲,10184754173,https://music.163.com/playlist?id=10184754173
17168,7872690377,187,24,2024-09-03,23,华语 摇滚 ,60,合伙人强推 | 国摇必听的60首神仙单曲,12554269676,https://music.163.com/playlist?id=12554269676
136498,372680052,1563,7,2025-02-18,165,欧美 流行 R&B/Soul ,112,「潮汐蓝调」慵懒时光 | R&B 海畔浅唱,13338752016,https://music.163.com/playlist?id=13338752016
725032,1772724719,7097,34,2024-04-27,95,欧美 治愈 流行 ,104,INFJ 氛围感｜沉浸式享受 松弛感 惬意松弛,9923480568,https://music.163.com/playlist?id=9923480568
60197,8658303294,904,评论,2024-11-25,20,另类/独立 夜晚 ,65,Dream pop：坠入一场荒诞梦境,12909374352,https://music.163.com/playlist?id=12909374352
75384,8376551360,557,1,2024-09-13,10,流行 治愈 韩语 ,60,假期清新曲 | 阳光出游 快乐不打烊！,12592551094,https://music.163.com/playlist?id=12592551094
292524,8376551360,2332,4,2024-09-13,36,欧美 流行 快乐 ,53,假日多巴胺 | 清爽 阳光 快乐的氛围曲~,12591233203,https://music.163.com/playlist?id=12591233203
105225,1520836115,1068,6,2024-10-11,44,浪漫 治愈 校园 ,56,R&B恋爱蜜曲｜丘比特之箭让爱具象化,12716745675,https://music.163.com/playlist?id=12716745675
219860,1540358165,1882,9,2025-02-14,23,华语 流行 夜晚 ,124,台球厅专用｜暴击苏a｜心流专用｜持续更新,13318434732,https://music.163.com/playlist?id=13318434732
1674,445189786,36,评论,2025-05-22,2,流行 伤感 网络歌曲 ,25,我天真的以为相爱就能幸福 其实并不是,13741937503,https://music.163.com/playlist?id=13741937503
10935,342371680,72,1,2025-03-29,1,华语 R&B/Soul 流行 ,80,怀旧R&B | 经典又好听的华语节奏布鲁斯,13511537953,https://music.163.com/playlist?id=13511537953
176646,5035383204,5644,47,2025-01-27,246,说唱 流行 华语 ,358,999/江辰/six teen/6SP/伍六七/安息日,13215744695,https://music.163.com/playlist?id=13215744695
628243,8376551360,2596,13,2024-11-04,38,欧美 流行 快乐 ,120,多巴胺节奏 | 阳光 律动 快乐氛围曲,12819319941,https://music.163.com/playlist?id=12819319941
2101141,8557971868,4951,38,2025-02-11,76,华语 流行 驾车 ,102,拯救歌荒！我心中的华语好歌TOP100,13306013652,https://music.163.com/playlist?id=13306013652
38957,3242104111,247,3,2025-02-27,2,华语 流行 另类/独立 ,25,自由之歌｜听见不被定义的自己,13375229671,https://music.163.com/playlist?id=13375229671
178595,9036423391,1472,60,2024-08-05,9,夜晚 ,320,你选择别人 我无话可说,12404646610,https://music.163.com/playlist?id=12404646610
164878,33005391,4002,13,2024-05-04,23,日语 摇滚 ACG ,31,【哭泣少女乐队】(少女乐队的呐喊）GBC,9982937223,https://music.163.com/playlist?id=9982937223
127867,3878470637,1122,22,2025-02-05,25,夜晚 伤感 网络歌曲 ,96,无数个夜里 还是会想起你,13268511983,https://music.163.com/playlist?id=13268511983
201598,8921038669,2788,20,2024-08-07,44,流行 夜晚 网络歌曲 ,263,她看起来很乖 但她习惯右手夹着烟,12419234159,https://music.163.com/playlist?id=12419234159
5853,8376551360,22,评论,2025-03-04,1,流行 欧美 放松 ,50,欧美&欢乐小调：阳光 沙滩 海边 单曲循环,13397849160,https://music.163.com/playlist?id=13397849160
2560,1468753117,31,2,2025-04-02,1,日语 流行 ,50,日系情歌 | 月色真美，只因有你,13527812315,https://music.163.com/playlist?id=13527812315
41041,1520836115,312,2,2025-02-11,7,放松 电子 爵士 ,79,松弛100％｜放松 学习 惬意 解除一天疲惫,13303704124,https://music.163.com/playlist?id=13303704124
1686283,449157773,21127,184,2024-12-11,2252,华语 流行 地铁 ,85,汪苏泷2025「十万伏特2.0」巡回演唱会,12982810998,https://music.163.com/playlist?id=12982810998
34106,1505643436,281,评论,2024-02-25,3,日语 清新 放松 ,190,【温柔女声】像那春日暖风掀起内心涟漪,9347704668,https://music.163.com/playlist?id=9347704668
8810,478948407,186,2,2024-09-30,0,华语 流行 说唱 ,348,高旭-h3R3-刘思鉴-郑润泽-加木-TC-邹沛沛,12661018450,https://music.163.com/playlist?id=12661018450
250877,632290587,732,3,2024-08-22,19,华语 快乐 工作 ,97,适合上班听：快乐的歌赶走焦虑！,12497837867,https://music.163.com/playlist?id=12497837867
29394,8376551360,134,1,2025-04-29,6,欧美 流行 快乐 ,61,“ 快乐的秘诀是停止胡思乱想！”,13640647608,https://music.163.com/playlist?id=13640647608
445450,8640512010,6023,98,2024-09-06,92,流行 夜晚 伤感 ,165,曾经的说好的永远呢【emo旋律】,12565220278,https://music.163.com/playlist?id=12565220278
1842710,3937312537,4825,160,2025-01-23,24,流行 华语 网络歌曲 ,203,【网络热曲】情感如水流 水止情难收,13191868643,https://music.163.com/playlist?id=13191868643
831388,429211051,7958,23,2024-08-07,96,欧美 流行 放松 ,68,高能量歌曲:净化负面磁场 助力显化成功,12417974034,https://music.163.com/playlist?id=12417974034
5231,342371680,51,评论,2025-03-30,0,流行 日语 快乐 ,114,甜甜日语 | 欢快且可爱的甜甜日语歌曲,13519221554,https://music.163.com/playlist?id=13519221554
295624,1307010024,1812,7,2024-06-19,31,欧美 说唱 兴奋 ,107,旋律陷阱′带旋律的trap有多上头,12201230670,https://music.163.com/playlist?id=12201230670
114797,342371680,908,4,2024-03-19,15,欧美 流行 快乐 ,120,英文清爽调 | 自由音乐氧 阳光律动walk,9482738367,https://music.163.com/playlist?id=9482738367
22401,1608918932,558,8,2024-10-19,14,电子 ,109,牛细House｜穿越孤独与温柔的音景之旅,12747978808,https://music.163.com/playlist?id=12747978808
135402,342371680,1146,13,2025-01-11,16,欧美 流行 R&B/Soul ,186,R&B/Soul清新味：阳光 浪漫 温柔 少年感,13123877717,https://music.163.com/playlist?id=13123877717
534860,342371680,4131,16,2024-01-20,73,欧美 R&B/Soul 浪漫 ,178,浪漫R&B | 或甜或欲 浪漫撩耳的迷醉氛围,9174389076,https://music.163.com/playlist?id=9174389076
189569,1853250103,3611,30,2024-11-04,57,欧美 R&B/Soul 蓝调 ,25,Rainy | 阴雨连绵 独属于自己的音乐时刻,12819191344,https://music.163.com/playlist?id=12819191344
312369,8376551360,5781,19,2024-08-06,69,古典 轻音乐 孤独 ,85,寂静随风 | 聆听风说 与孤独发光的灵魂为伴,12414320532,https://music.163.com/playlist?id=12414320532
145062,38950157,801,评论,2024-04-27,11,华语 经典 翻唱 ,130,天赐的声音第六季 | 纯享版,9921231756,https://music.163.com/playlist?id=9921231756
1506,8376551360,10,评论,2025-04-08,1,华语 R&B/Soul 流行 ,82,华语R&B | 浪漫旋律 与你同频共享心跳！,13557717174,https://music.163.com/playlist?id=13557717174
6290232,7883320608,14680,803,2025-02-08,177,华语 流行 网络歌曲 ,184,那些一遍又一遍放不腻的歌（持续更新）,13286743034,https://music.163.com/playlist?id=13286743034
417835,1378494832,2619,16,2025-02-17,29,流行 华语 古风 ,53,那些一开口就惊艳的古风歌曲,13332611886,https://music.163.com/playlist?id=13332611886
20179,1591398612,265,评论,2024-06-17,2,欧美 酒吧 放松 ,316,私藏歌單| 傍晚清吧 适合微醺時聽的歌單,10182395092,https://music.163.com/playlist?id=10182395092
48017,8566840179,395,1,2024-11-01,4,流行 伤感 网络歌曲 ,106,等有钱了我娶你 好不好,12800364022,https://music.163.com/playlist?id=12800364022
339761,7819823232,2426,58,2024-03-28,62,00后 伤感 流行 ,57,我们隔着屏幕 再难过我也说没事,9554715993,https://music.163.com/playlist?id=9554715993
1065901,7961514539,10601,516,2024-02-02,113,思念 安静 治愈 ,67,真正杀死我的 是突然想到和你零零碎碎的回,9243695846,https://music.163.com/playlist?id=9243695846
107749,9123973507,750,25,2024-12-01,9,伤感 影视原声 翻唱 ,273,虐到心痛的歌曲…（哪个是你的意难平呢？）,12939317832,https://music.163.com/playlist?id=12939317832
3946,3283917904,11,1,2025-05-09,1,流行 华语 浪漫 ,224,散场是难免的，尽兴而归就够了,13691234842,https://music.163.com/playlist?id=13691234842
58475,327790034,298,2,2024-05-07,2,欧美 电子 驾车 ,128,『车载』拒绝7妹虞姬精神氮泵,10012093395,https://music.163.com/playlist?id=10012093395
40574,12164616173,332,评论,2024-10-26,11,孤独 安静 ,147,一个人穿过悲和喜那根本不叫勇敢,12775007757,https://music.163.com/playlist?id=12775007757
1363124,445189786,10515,91,2024-06-25,165,欧美 流行 ,100,【旋律控】开口即跪的英文歌 攻陷你的耳朵,12226726878,https://music.163.com/playlist?id=12226726878
16996694,2445590,306161,1048,2016-01-19,4621,影视原声 钢琴 欧美 ,59,电影中的钢琴曲｜最会讲故事²,156659312,https://music.163.com/playlist?id=156659312
3995199,83659385,78900,426,2017-12-05,1553,日语 感动 ACG ,265,東方抒情集：一梦华胥 永眠不散之宴,2003672301,https://music.163.com/playlist?id=2003672301
3502953,45441555,90774,625,2017-05-30,1036,日语 治愈 ACG ,30,日系治愈｜想成为一个温柔的人,745510353,https://music.163.com/playlist?id=745510353
3907642,85351650,58367,577,2016-05-16,1579,后摇 器乐 另类/独立 ,151,提琴后摇 I 颅内盛宴，思绪狂欢,382716015,https://music.163.com/playlist?id=382716015
13305384,411402173,223015,786,2019-02-26,2882,华语 古风 浪漫 ,150,「居家古风」如何把生活过成诗,2685449094,https://music.163.com/playlist?id=2685449094
19340966,320509339,165151,844,2017-09-15,2389,华语 民谣 治愈 ,29,想开家茶馆，放首民谣给从前,919939187,https://music.163.com/playlist?id=919939187
5558198,83659385,159446,1115,2017-09-10,2632,轻音乐 钢琴 ACG ,245,東方钢琴祭：幻梦终醒 本无不散之宴,913908853,https://music.163.com/playlist?id=913908853
11447759,7394345,189522,848,2016-06-29,3563,电子 夜晚 孤独 ,87,空灵纯音 ' 孤独症患者的绮丽梦境,411796573,https://music.163.com/playlist?id=411796573
6291637,83659385,86121,1019,2017-08-29,1474,轻音乐 伤感 ACG ,81,『物哀纯音』漫天飞舞的红叶，暮色黄昏,899361402,https://music.163.com/playlist?id=899361402
2636651,374024623,28240,107,2020-10-04,631,轻音乐 钢琴 New Age ,235,钢琴独奏 | 当世界喧嚣时 宇宙依然宁静,5273305040,https://music.163.com/playlist?id=5273305040
1954438,111089166,19011,146,2020-05-20,607,ACG 轻音乐 伤感 ,177,物哀纯音丨花开于彼岸 魂落于忘川,5026417815,https://music.163.com/playlist?id=5026417815
5588646,341030416,57973,216,2020-04-18,1386,乡村 旅行 驾车 ,325,《美国乡村乐图鉴与简史》,4975456668,https://music.163.com/playlist?id=4975456668
2241127,122356259,32816,137,2019-02-02,923,欧美 爵士 酒吧 ,62,黑胶唱片机|微醺情调耳边低语,2651898154,https://music.163.com/playlist?id=2651898154
18653536,739256,306960,1073,2014-04-06,5415,电子 欧美 酒吧 ,298,世界顶级沙发酒吧音乐。,11067348,https://music.163.com/playlist?id=11067348
4322289,93937325,38596,337,2015-11-27,1086,安静 轻音乐 器乐 ,34,纯音 | 静淌时隙悄然掠过 | 助眠,132259437,https://music.163.com/playlist?id=132259437
6420275,85351650,114090,960,2016-11-18,3379,后摇 钢琴 另类/独立 ,198,钢琴后摇 I 初雪点地，窸窣低语,513217941,https://music.163.com/playlist?id=513217941
5865488,71937732,151669,336,2016-02-19,2307,古典 浪漫 思念 ,47,古典音樂史上最優美的夜曲与小夜曲,171967885,https://music.163.com/playlist?id=171967885
2724578,85351650,42077,318,2016-03-02,953,乡村 欧美 ,90,蓝草选集 I 触碰三月暖阳，哼唱轻快小调,310372396,https://music.163.com/playlist?id=310372396
20978324,129593031,353374,3442,2016-11-13,11244,夜晚 孤独 后摇 ,111,「后摇」一只孤独的巨兽在深海里呼喊,509265479,https://music.163.com/playlist?id=509265479
5579820,85351650,88435,608,2017-01-23,3114,钢琴 古典 器乐 ,98,新古典集 I 三滴空明，庆赏无厌,579730540,https://music.163.com/playlist?id=579730540
30390736,248755337,691714,2570,2018-01-03,6086,华语 古风 学习 ,192,『曲作精选』细数古风圈原创作曲人❶,2041615881,https://music.163.com/playlist?id=2041615881
33483492,97412802,537958,4590,2017-03-29,17665,欧美 放松 快乐 ,63,不得了！这些英文歌的热评信息量好大……,645384312,https://music.163.com/playlist?id=645384312
5401886,1650191296,20341,149,2020-02-08,936,华语 另类/独立 浪漫 ,102,华语独立乐团｜将温柔塞满黄昏,3233164347,https://music.163.com/playlist?id=3233164347
4062900,416512878,58662,438,2017-03-29,812,古典 钢琴 器乐 ,73,乐器之王——钢琴 | 从古至今的指尖魅力,644943140,https://music.163.com/playlist?id=644943140
11165648,5832286,278880,813,2016-08-30,4492,轻音乐 日语 器乐 ,81,和风｜物哀，如得其情，则哀矜而勿喜,454371535,https://music.163.com/playlist?id=454371535
530622,111089166,6432,54,2020-06-09,363,轻音乐 夜晚 孤独 ,61,致郁纯音丨那些用符号编织的梦境,5056460435,https://music.163.com/playlist?id=5056460435
6947086,2445590,118293,673,2016-09-10,2039,钢琴 影视原声 ,49,电影中的钢琴曲｜最会讲故事¹,461600464,https://music.163.com/playlist?id=461600464
4353465,1653985242,72585,320,2019-08-10,705,日语 治愈 ,47,日系治愈：无法抗拒的温柔男声,2928393485,https://music.163.com/playlist?id=2928393485
6554078,7394345,108561,604,2016-11-05,3179,电子 孤独 另类/独立 ,72,冰気电子 ' 沉溺于绮旷的荒芜之境,502767290,https://music.163.com/playlist?id=502767290
2047632,341030416,7283,91,2020-11-23,1056,摇滚 欧美 感动 ,103,「雨之摇滚·倾听爱与自由乐章」,5347651276,https://music.163.com/playlist?id=5347651276
8359159,1323364095,112844,1478,2019-03-14,1268,欧美 学习 流行 ,280,『学霸模式』让音乐来陪伴一天的学习,2708862630,https://music.163.com/playlist?id=2708862630
5725759,341030416,32256,269,2021-03-18,2805,欧美 摇滚 快乐 ,118,可爱摇滚｜一剂抵挡春困的上好良药,6666112560,https://music.163.com/playlist?id=6666112560
310112032,41751076,3405079,5058,2017-11-07,31357,粤语 怀旧 华语 ,115,经典老歌，久听不厌,988690134,https://music.163.com/playlist?id=988690134
4101508,66406603,61134,510,2015-04-30,985,民谣 欧美 吉他 ,33,给我一把弹不累的吉他,69571731,https://music.163.com/playlist?id=69571731
1144919,286427520,33521,237,2019-02-17,892,古典 学习 经典 ,197,古典音乐是如何命名编排的？,2671752276,https://music.163.com/playlist?id=2671752276
6011447,1650191296,29364,146,2021-03-12,1489,华语 流行 浪漫 ,88,小众系｜宝岛台湾的温柔海风,6655442283,https://music.163.com/playlist?id=6655442283
10859209,79640896,97415,1383,2018-06-14,2198,另类/独立 摇滚 治愈 ,59,"•国人的噪声美学| 吾生梦幻间, 何事绁尘羁",2269884762,https://music.163.com/playlist?id=2269884762
319753,374024623,3039,14,2021-06-14,288,摇滚 后摇 孤独 ,195,新式后摇 | 致敬旅行者号 最孤独的星际行者,6806734716,https://music.163.com/playlist?id=6806734716
8061599,320509339,147044,415,2017-02-18,3231,流行 爵士 放松 ,25,爵士与散步可兼得,605499971,https://music.163.com/playlist?id=605499971
641540,379601668,7193,34,2020-12-19,281,古风 民族 华语 ,62,礼义之邦｜华夏文明五千年，薪火相传永不灭,5386704458,https://music.163.com/playlist?id=5386704458
9134872,3011615,232189,1193,2013-10-01,3033,小语种 清新 浪漫 ,30,全球最动听的法语歌,4241903,https://music.163.com/playlist?id=4241903
2818922,341030416,24599,116,2019-08-30,603,欧美 英伦 另类/独立 ,119,『英伦女声』遗世而独立的不列颠玫瑰,2962407224,https://music.163.com/playlist?id=2962407224
6389442,327424933,87115,266,2017-06-06,882,日语 摇滚 清新 ,50,『日摇』烟火盛放的清新夏夜,753054763,https://music.163.com/playlist?id=753054763
4712552,46665989,56268,251,2018-06-23,1950,爵士 放松 欧美 ,71,「Smooth Jazz」柔顺爵士，都市悠闲,2283573424,https://music.163.com/playlist?id=2283573424
1624158,389336627,10080,23,2020-07-13,298,华语 影视原声 古风 ,80,侠客行│江湖风起云涌，仗剑策马扬鞭,5117602648,https://music.163.com/playlist?id=5117602648
571513,3432498,7982,88,2017-06-10,365,韩语 摇滚 另类/独立 ,155,不期而遇丨indie音乐场景·「韩国乐队」,757295465,https://music.163.com/playlist?id=757295465
152852752,39468344,2455411,6498,2015-05-22,25978,欧美 流行 榜单 ,112,评论过万的英文歌与潜力股,75182300,https://music.163.com/playlist?id=75182300
4373693,122356259,45826,135,2018-03-05,1569,欧美 Bossa Nova 放松 ,45,Bossa Nova惬意的下午茶时光,2128071807,https://music.163.com/playlist?id=2128071807
443249,111089166,8540,59,2021-05-20,313,日语 民族 ACG ,41,唯美和风丨载歌载舞 共赏雅乐,6765104549,https://music.163.com/playlist?id=6765104549
34760776,67853143,769394,2341,2015-06-24,7719,古风 华语 古典 ,198,【戏腔专题】伶人入画，一生天涯,83942307,https://music.163.com/playlist?id=83942307
21697958,74029445,426774,2050,2017-07-21,12259,轻音乐 夜晚 放松 ,163,倾听自然 · 海之遐想,819618896,https://music.163.com/playlist?id=819618896
4213814,97412802,84482,297,2018-07-16,1277,古典 钢琴 器乐 ,154,论钢琴的交响性：管弦乐名作及其钢琴改编,2317199475,https://music.163.com/playlist?id=2317199475
7169844,56164382,170440,1008,2015-04-12,1415,ACG 日语 经典 ,364,百首必备ACG/日系良曲精选集(普及向),65321097,https://music.163.com/playlist?id=65321097
337863,2092447195,6121,155,2023-12-22,106,流行 伤感 夜晚 ,40,泪失尽的那一刻 我也无能为力,9090022511,https://music.163.com/playlist?id=9090022511
13775553,583471,343373,1215,2013-12-20,9603,轻音乐 安静 放松 ,123,［自然纪］生命之律｜大自然的语言,7005467,https://music.163.com/playlist?id=7005467
3600111,129153895,38909,403,2017-05-17,872,小语种 流行 快乐 ,39,狂想.奔放.动感.突然想学西语了！✌️,730705552,https://music.163.com/playlist?id=730705552
257076,374024623,2779,12,2021-07-11,166,摇滚 孤独 电子 ,248,氛围后摇 | 被孤立的鲸 偶遇坠入海底的星,6852909267,https://music.163.com/playlist?id=6852909267
7173309,430629389,83069,176,2023-03-16,1147,欧美 说唱 兴奋 ,136,欧美优质hiphop 顶级唱腔和丝滑flow,8236726038,https://music.163.com/playlist?id=8236726038
3494146,520621,36456,464,2016-04-21,810,欧美 摇滚 朋克 ,30,45度角仰望天空才是听朋克的正确姿势,367179654,https://music.163.com/playlist?id=367179654
5506368,1543917791,38790,136,2020-07-11,452,华语 说唱 R&B/Soul ,138,最怕rapper唱情歌｜旋律说唱｜嘻哈｜,5106270428,https://music.163.com/playlist?id=5106270428
411581,614517058,7065,31,2022-07-03,60,日语 流行 治愈 ,107,超棒的日系组合｜夜鹿 YOASOBI 真夜中,7519341475,https://music.163.com/playlist?id=7519341475
143340,125139775,2812,37,2021-01-01,77,治愈 钢琴 夜晚 ,79,时空储蓄罐 -「钢琴全集」| 学习 • 静心,5438576528,https://music.163.com/playlist?id=5438576528
5669694,254791571,89243,474,2021-09-11,909,日语 ACG 流行 ,227,日语‖那些听着都忍不住唱起来的歌曲,6964362443,https://music.163.com/playlist?id=6964362443
10806568,12115399,155544,919,2015-01-16,1853,说唱 欧美 90后 ,31,冲击耳膜！欧美说唱最强音,46917435,https://music.163.com/playlist?id=46917435
27727246,256834399,324142,2368,2018-04-10,4562,华语 摇滚 ,385,『国摇』一百支乐队一百种精神信仰,2179431622,https://music.163.com/playlist?id=2179431622
1492160,342371680,8332,40,2023-07-09,104,流行 快乐 清新 ,130,夏日多巴胺快乐氛围曲•欢快旋律,8542903484,https://music.163.com/playlist?id=8542903484
2539471,97515301,36565,43,2023-05-12,455,欧美 夜晚 放松 ,166,高级感chill｜慵懒放松 卧室暧昧氛围,8413001593,https://music.163.com/playlist?id=8413001593
574562,342371680,7923,22,2023-12-18,129,电子 夜晚 放松 ,113,松弛chill-hiphop 随性慵懒 高级背景音乐,8946262713,https://music.163.com/playlist?id=8946262713
4356981,33210355,85876,819,2015-06-21,1893,说唱 欧美 经典 ,255,257位西海岸说唱歌手精选,83105064,https://music.163.com/playlist?id=83105064
3073360,311877725,51570,420,2017-07-17,1110,欧美 影视原声 经典 ,85,呼喊与细语，欧美古典电影精选,813645724,https://music.163.com/playlist?id=813645724
13293254,348743790,86547,660,2022-12-18,633,古风 怀旧 经典 ,145,绝美戏腔｜抒情 怀念 伤感的古风歌曲,7826780259,https://music.163.com/playlist?id=7826780259
1236226,346769611,8815,42,2023-05-25,138,欧美 流行 R&B/Soul ,152,『英文R&B』微醺缥游在浪漫时空,8436954261,https://music.163.com/playlist?id=8436954261
48580,578726959,232,评论,2023-04-13,5,欧美 电子 驾车 ,66,车载音乐：一路狂飙，嗨到天亮,8296831158,https://music.163.com/playlist?id=8296831158
3094215,311877725,49067,143,2018-05-14,698,欧美 经典 影视原声 ,50,电影配乐，当优雅华尔兹遇上激情探戈,2226210869,https://music.163.com/playlist?id=2226210869
8384474,45441555,212340,856,2017-08-08,2428,日语 电子 ACG ,88,冰镇软萌音｜不能自已的Kawaii电音,873024264,https://music.163.com/playlist?id=873024264
533671,342371680,9826,44,2023-12-26,154,欧美 R&B/Soul 浪漫 ,112,少女向R&B | 快乐鼓点 带点可愛甜蜜的味道,9099444206,https://music.163.com/playlist?id=9099444206
2333834,346769611,13013,51,2022-11-21,271,说唱 流行 浪漫 ,149,甜蜜暴击 | rap情歌甜到你发晕,7761129140,https://music.163.com/playlist?id=7761129140
1872554,53774877,10911,87,2023-11-11,158,欧美 R&B/Soul 浪漫 ,220,慵懒欧美R&B:舒慢溺于沉醉,8856013717,https://music.163.com/playlist?id=8856013717
376230,342371680,2827,3,2023-08-01,52,流行 治愈 快乐 ,76,小甜歌pink | 心动crush 邂逅甜甜的你~,8616356697,https://music.163.com/playlist?id=8616356697
242326,6437515472,2653,94,2023-12-06,25,华语 流行 ,79,如果忧郁是种天赋 我想我早已名扬天下,8906294483,https://music.163.com/playlist?id=8906294483
1453786,342371680,7314,45,2023-12-10,78,华语 流行 快乐 ,157,【甜度爆表】攒一堆甜歌 和爱的ta一起听！,8923553923,https://music.163.com/playlist?id=8923553923
987053,301543163,8745,30,2023-12-14,61,华语 流行 古风 ,28,"【你也喜欢·海洋Bo】合集歌单 | 更新中
",8934187899,https://music.163.com/playlist?id=8934187899
2275515,342371680,10192,274,2023-05-16,166,华语 流行 R&B/Soul ,172,华语R&B | 浪漫又好听的华语节奏布鲁斯,8421208520,https://music.163.com/playlist?id=8421208520
4138966,538251488,44758,292,2021-02-12,392,另类/独立 摇滚 夜晚 ,99,「所以生命啊，它苦涩如歌。」,6612616283,https://music.163.com/playlist?id=6612616283
19769,565123750,186,2,2023-11-13,4,R&B/Soul 华语 欧美 ,75,『氛围感R&B』音乐是暧昧的催化剂,8859859903,https://music.163.com/playlist?id=8859859903
548682,342371680,4160,9,2023-09-26,63,欧美 流行 快乐 ,164,假日清爽风 | 感受阳光 感受清新与自由！,8756753298,https://music.163.com/playlist?id=8756753298
27638,2053653564,169,37,2023-06-15,636,孤独 ,182,天赋不会给你刀刻般的记忆,8483404630,https://music.163.com/playlist?id=8483404630
2010768,8376551360,17697,49,2023-08-01,194,欧美 流行 快乐 ,124,英文小甜歌：欢乐 阳光 快乐氛围曲,8615539052,https://music.163.com/playlist?id=8615539052
19505762,118484559,234601,823,2015-12-30,3160,欧美 电子 清新 ,185,【绝美人声+完美电音】，触电节奏一秒倾心~,146852233,https://music.163.com/playlist?id=146852233
1174289,342371680,8149,19,2023-09-20,89,流行 欧美 清新 ,186,元气清晨 | 清晨起床必听的清新英文小调,8742919802,https://music.163.com/playlist?id=8742919802
3291075,26852587,33349,229,2015-06-20,578,粤语 流行 经典 ,25,〖我所挚爱的粤语男声〗,82857677,https://music.163.com/playlist?id=82857677
4357505,5190793,64228,229,2015-07-30,919,运动 欧美 电子 ,30,每天一点轻电的跑步节奏,93817702,https://music.163.com/playlist?id=93817702
700155,342371680,9947,12,2023-10-23,140,R&B/Soul 流行 欧美 ,166,浪漫R&B | 微醺浸染 或丝般柔顺 或梦般性感,8817049067,https://music.163.com/playlist?id=8817049067
1905056,342371680,11741,39,2023-07-21,219,华语 流行 浪漫 ,174,甜甜恋曲：我爱你在地球上也不是什么大秘密,8580592417,https://music.163.com/playlist?id=8580592417
2915974,354868458,5763,10,2022-08-27,4,华语 流行 伤感 ,87,Emo天花板歌曲系列「难过」「睡觉听」,7609248048,https://music.163.com/playlist?id=7609248048
627954,1421377476,4746,18,2022-01-27,124,兴奋 流行 欧美 ,160,甜酷辣妹|女生都是小猫体质,7261689443,https://music.163.com/playlist?id=7261689443
565826,342371680,4261,10,2023-09-22,103,流行 欧美 R&B/Soul ,199,氛围R&B | 性感 松弛女嗓与鼓点的碰撞,8746915907,https://music.163.com/playlist?id=8746915907
6774826,2119152987,23336,665,2023-10-10,247,流行 华语 网络歌曲 ,226,【网络热歌】爱意随风起 风止意难平,8791302505,https://music.163.com/playlist?id=8791302505
4363723,392078662,15138,183,2021-01-09,190,说唱 华语 伤感 ,236,“干嘛听苦情歌 以为多浪漫”,5456835430,https://music.163.com/playlist?id=5456835430
97216,342371680,1096,2,2023-12-27,17,欧美 R&B/Soul 摇滚 ,69,落日城市 | 傍晚日落时 绝美的蓝调时刻,9100819747,https://music.163.com/playlist?id=9100819747
1177383,342371680,14764,43,2023-12-07,203,爵士 浪漫 轻音乐 ,100,Jazz浪漫橘调&高级 慵懒 氛围背景音,8911908307,https://music.163.com/playlist?id=8911908307
4824735,132917248,28171,161,2018-05-05,348,流行 ACG 快乐 ,173,欢乐｜化妆洗澡时听的歌,2214515296,https://music.163.com/playlist?id=2214515296
88702,271977164,749,2,2023-10-03,9,华语 流行 夜晚 ,131,h3R3–队长–郑润泽–薛之谦–高旭等,8778491175,https://music.163.com/playlist?id=8778491175
742651,263082305,32418,238,2022-01-07,208,游戏 ACG ,186,旋曜玉帛（原神尘歌壶音乐）,7225711996,https://music.163.com/playlist?id=7225711996
386545,342371680,5516,24,2023-04-23,101,轻音乐 放松 安静 ,72,绿野奔赴 | 沉浸大自然 静谧与美好之中,8374906983,https://music.163.com/playlist?id=8374906983
20114678,97515301,114965,319,2022-05-28,3813,华语 治愈 安静 ,172,"治愈的风｜即使一个人, 也请好好生活",7459082372,https://music.163.com/playlist?id=7459082372
3988852,1650191296,29870,126,2019-07-27,612,欧美 说唱 R&B/Soul ,92,Urban · 历届格莱美精选集,2902128439,https://music.163.com/playlist?id=2902128439
1164434,646230162,10913,33,2019-08-13,112,欧美 流行 电子 ,164,比伯/盆栽/断眉/萌德/烟鬼/酷玩/梦龙,2934993622,https://music.163.com/playlist?id=2934993622
1612355,74440381,14210,46,2020-10-10,185,轻音乐 下午茶 浪漫 ,160,纯音乐·慵懒｜午后氛围咖啡馆,5281983103,https://music.163.com/playlist?id=5281983103
181172,361038766,1839,14,2023-07-06,33,华语 流行 浪漫 ,79,郑润泽｜如果说是真的爱我 ,8536205583,https://music.163.com/playlist?id=8536205583
1906538,3223389037,9093,13,2023-05-19,71,华语 流行 综艺 ,196,天赐的声音第六季第6期丨Live封神现场,8426511243,https://music.163.com/playlist?id=8426511243
1270960,97515301,12809,38,2022-05-14,268,欧美 下午茶 放松 ,80,惬意时光丨做个浪漫的白日梦想家,7433846767,https://music.163.com/playlist?id=7433846767
24266180,417722,174237,198,2023-06-19,1267,运动 兴奋 华语 ,119,跑步音乐超燃歌曲180步频踩点节奏控必备单,8494569029,https://music.163.com/playlist?id=8494569029
1790976,342371680,14559,94,2023-10-27,228,欧美 流行 R&B/Soul ,255,氛围R&B | 或甜或欲 浪漫迷醉的鼓点氛围,8823966093,https://music.163.com/playlist?id=8823966093
9216999,511320314,119987,218,2019-03-23,1511,摇滚 华语 流行 ,188,回春丹/蛙池/新裤子/犬儒/二手玫瑰/告五人,2721184237,https://music.163.com/playlist?id=2721184237
13046081,1704916943,95451,386,2019-02-15,1778,欧美 流行 兴奋 ,161,【英文】燃爆全场的英文歌曲，嗨到天亮！,2669325401,https://music.163.com/playlist?id=2669325401
376209,342371680,4571,8,2023-10-09,85,欧美 R&B/Soul 流行 ,200,浪漫氛围感 | 浸于R&B的极致浪漫氛围中,8790921098,https://music.163.com/playlist?id=8790921098
51804,1546777331,527,3,2023-07-25,12,韩语 R&B/Soul 流行 ,199,韩语R&B｜温柔在耳边凝成絮语,8590814496,https://music.163.com/playlist?id=8590814496
5833372,13979389,141558,1026,2015-10-25,2424,轻音乐 怀旧 民谣 ,200,怀抱着的即兴与浪漫——手风琴精选,119781436,https://music.163.com/playlist?id=119781436
854394,6325939830,9962,52,2022-09-24,213,欧美 浪漫 ,189,欧美微醺||小酒馆中浪漫的独舞,7651604465,https://music.163.com/playlist?id=7651604465
244214,7883293786,642,6,2023-06-08,79,华语 另类/独立 清新 ,60,华语独立浪漫丨一起出逃到黄昏公园,8468617465,https://music.163.com/playlist?id=8468617465
187492,1644725316,913,76,2022-10-04,12,夜晚 驾车 流行 ,135,解不开的谜语是消失很久的你,7671550196,https://music.163.com/playlist?id=7671550196
640927,1484516898,6278,28,2024-01-10,103,散步 放松 治愈 ,161,逛公园晒太阳 ‖ 轻松治愈,9129206963,https://music.163.com/playlist?id=9129206963
132983,342371680,1480,2,2023-04-17,33,日语 流行 清新 ,71,日系清新 | 充满活力 又治愈的温柔絮语,8305651181,https://music.163.com/playlist?id=8305651181
8772,346592606,225,2,2023-08-17,8,另类/独立 孤独 轻音乐 ,42,梦核｜。按F键逃离这个世界。(,8664213739,https://music.163.com/playlist?id=8664213739
1655174,481336063,25099,286,2019-09-01,1300,孤独 后摇 夜晚 ,90,人声后摇 | 灵魂与鼓点的碰撞,2966432846,https://music.163.com/playlist?id=2966432846
21075108,354868458,16174,262,2023-02-01,387,伤感 流行 华语 ,129,记忆闪帧接下来是没有你的冬,8119018816,https://music.163.com/playlist?id=8119018816
288920,80979714,4339,66,2016-09-17,95,日语 流行 下午茶 ,232,【日系】【日料店专用】享受美食时光~,466412072,https://music.163.com/playlist?id=466412072
9456750,7902236102,41127,104,2023-02-07,5300,华语 民谣 吉他 ,92,【民谣】藏着故事与远方，唱着人间烟火,8146959355,https://music.163.com/playlist?id=8146959355
339488,5067273797,3319,11,2023-08-19,26,伤感 孤独 浪漫 ,111,『宿命感 救赎感 破碎感 孤独感』单曲循环,8669108505,https://music.163.com/playlist?id=8669108505
147141,342371680,608,1,2023-10-10,6,流行 华语 治愈 ,85,公路旅行 | 远方之歌 去寻找心中的神秘净土,8791387723,https://music.163.com/playlist?id=8791387723
2415212,1758044637,20211,134,2023-08-21,158,华语 古风 ,71,古风戏腔：一腔唱不尽此生悲凉,8675679753,https://music.163.com/playlist?id=8675679753
156378,1738143790,1119,11,2022-09-03,47,欧美 放松 清新 ,172,『都往春天里去吧 别烂在过去和梦里』,7621208546,https://music.163.com/playlist?id=7621208546
64641,2054026087,193,3,2021-08-08,5,华语 治愈 浪漫 ,92,甜美的歌曲带给你甜美的心情,6906743821,https://music.163.com/playlist?id=6906743821
15494531,30053668,333003,2247,2015-06-04,3243,影视原声 欧美 流行 ,60,美剧中的神级插曲,78669437,https://music.163.com/playlist?id=78669437
103738,1399217593,1297,10,2021-09-27,46,轻音乐 夜晚 安静 ,99,〖睡前疗愈〗辛苦一天的睡前放松,6990996801,https://music.163.com/playlist?id=6990996801
4455534,560537047,28533,172,2018-03-16,521,感动 思念 流行 ,206,「温柔予你」把另一个耳机分享给你,2143237481,https://music.163.com/playlist?id=2143237481
1012102,104982737,9294,23,2023-11-26,139,浪漫 孤独 欧美 ,32,咖啡店循环一整天的氛围感歌单,8885425724,https://music.163.com/playlist?id=8885425724
161858,469610663,1399,4,2017-09-07,26,摇滚 华语 另类/独立 ,298,“相信有纯白会越过山海”,910247465,https://music.163.com/playlist?id=910247465
8630037,392078662,68301,128,2022-04-27,766,华语 流行 说唱 ,212,旋律说唱｜好听不腻的hook ,7397817902,https://music.163.com/playlist?id=7397817902
7995,248865697,246,2,2022-06-18,9,经典 世界音乐 音乐剧 ,37,法剧/敬那些仍在爱里的魂灵,7493079016,https://music.163.com/playlist?id=7493079016
5347332,422440514,27867,109,2023-03-19,256,欧美 电子 运动 ,97,欧美/节奏控/健身房充能/超燃,8245679886,https://music.163.com/playlist?id=8245679886
10027702,1735121054,73997,287,2020-04-19,1080,欧美 驾车 KTV ,136,ღ很嗨很燃的英文歌Remix版‖高速开车蹦迪DJ,4976089115,https://music.163.com/playlist?id=4976089115
3905812,540068826,47111,192,2017-12-20,633,欧美 夜晚 浪漫 ,176,性感高级慵懒风英文歌【持续更新】,2022042402,https://music.163.com/playlist?id=2022042402
643673,8206104019,856,208,2022-12-22,13,工作 放松 欧美 ,57,《九机门店标准运营歌单》-5月,7838413581,https://music.163.com/playlist?id=7838413581
134961,1483667664,1218,5,2019-11-21,21,轻音乐 学习 清晨 ,124,【清晨】森林与薄雾，轻快与宁静,3084427509,https://music.163.com/playlist?id=3084427509
964058,4028024080,4951,67,2021-08-17,266,流行 夜晚 伤感 ,144,爱不应该用沉默去制裁对方,6923511570,https://music.163.com/playlist?id=6923511570
235946,1840402562,1634,3,2020-09-07,17,华语 古风 思念 ,181,烟雨江南|一曲箜篌肝肠断 不知相思算何否,5225284500,https://music.163.com/playlist?id=5225284500
26076,8376551360,135,1,2024-10-26,2,华语 流行 快乐 ,115,甜味日常 | 用音乐给生活加点糖！,12778351599,https://music.163.com/playlist?id=12778351599
46446,107742044,167,评论,2024-05-03,1,华语 民谣 旅行 ,123,百首民谣：流浪的诗人和他的吉他,9977527271,https://music.163.com/playlist?id=9977527271
94423,1592823488,663,9,2022-02-27,8,伤感 夜晚 散步 ,95,她的双眼常常冷冽无感久是让人淡漠疏离,7310914595,https://music.163.com/playlist?id=7310914595
1061634,100528112,4679,47,2023-06-25,57,欧美 电子 驾车 ,131,车载DJ丨无拘无束，潇洒自由,8509028101,https://music.163.com/playlist?id=8509028101
66262,56601799,1280,8,2018-02-15,18,古风 古典 器乐 ,142,中國風 | 醉臥杏花疏影裡,2104077818,https://music.163.com/playlist?id=2104077818
46240,409273834,886,16,2022-01-08,17,欧美 爵士 说唱 ,136,Jazz-Hiphop后花园｜寻找向日葵武士,7228015806,https://music.163.com/playlist?id=7228015806
4294296,342371680,85470,255,2023-03-27,921,轻音乐 清新 流行 ,125,极静氛围 | 山雾暧昧 沉浸梦幻海洋里,8261376791,https://music.163.com/playlist?id=8261376791
6374,3948153821,174,评论,2025-04-16,1,思念 华语 R&B/Soul ,20,虚拟恋人‖阴霾心灵深处的情感絮语,13590547437,https://music.163.com/playlist?id=13590547437
230977,1765932320,1588,33,2024-04-29,20,运动 兴奋 欧美 ,110,『力量训练专用』我不会再输了,9945944498,https://music.163.com/playlist?id=9945944498
225454,1772724719,2704,6,2025-02-16,57,华语 R&B/Soul 浪漫 ,117,【中文/R&B】微醺 暧味 缠绵 浪漫氛围感,13328325462,https://music.163.com/playlist?id=13328325462
1028474,391757271,8774,27,2021-07-26,149,欧美 旅行 R&B/Soul ,220,治愈系小清新欢快节奏 英文歌♪,6882908761,https://music.163.com/playlist?id=6882908761
235446,107742044,655,7,2024-08-26,5,华语 流行 治愈 ,102,天花板治愈：周深 毛不易 单依纯 郁可唯,12519863817,https://music.163.com/playlist?id=12519863817
197293,372049883,4059,22,2024-05-17,29,日语 游戏 ACG ,59,学园偶像大师 全曲无重复,10062750532,https://music.163.com/playlist?id=10062750532
410662,122163934,2141,4,2023-04-28,16,华语 流行 综艺 ,175,音乐现场 | 天赐的声音6季Live精选合辑,8383218468,https://music.163.com/playlist?id=8383218468
569716,6437515472,5303,109,2022-06-25,103,流行 华语 ,211,听过最动听的谎言就是永不分开,7505589460,https://music.163.com/playlist?id=7505589460
49482796,138167,1182521,3672,2013-10-31,17489,轻音乐 夜晚 放松 ,39,四十首精选钢琴曲①,4991190,https://music.163.com/playlist?id=4991190
1287590,1514344145,13061,29,2022-08-02,150,华语 流行 安静 ,316,英文歌｜干净舒适温柔治愈系,7569659586,https://music.163.com/playlist?id=7569659586
3526081,1463489610,21444,81,2023-10-04,219,流行 学习 90后 ,217,节奏控 | 戴上耳机世界都是你的,8780598793,https://music.163.com/playlist?id=8780598793
104503,8658303294,818,1,2024-06-09,23,欧美 流行 另类/独立 ,97,禁止焦绿｜放轻松就当漫游地球,10148124817,https://music.163.com/playlist?id=10148124817
72927,1289346856,872,8,2024-03-05,22,清新 放松 治愈 ,72,春日放空系：悠闲散漫 温柔慵懒 沐浴微风 ,9382428750,https://music.163.com/playlist?id=9382428750
7298,6285351682,40,评论,2025-01-28,5,孤独 ,64,你对感情收放自如 像天赋 我羡慕,13224963451,https://music.163.com/playlist?id=13224963451
738213,350496135,4789,36,2023-03-24,55,安静 放松 流行 ,301,治愈系 | 神经元漫游指南,8254202923,https://music.163.com/playlist?id=8254202923
1096735,8422930273,8800,23,2023-12-17,151,R&B/Soul 欧美 夜晚 ,294,旋律R&B / NeoSoul 60's微醺加点浪漫的味道,8945244653,https://music.163.com/playlist?id=8945244653
5804515,596499189,28224,150,2022-09-29,504,华语 流行 民谣 ,93,始于民谣|死于民谣（孤独患者）,7660761729,https://music.163.com/playlist?id=7660761729
653153,115793593,3690,68,2024-03-21,35,欧美 电子 驾车 ,131,运动【硬曲】【战歌起】自律时代,9501641586,https://music.163.com/playlist?id=9501641586
65514,413920272,2522,26,2024-08-12,36,摇滚 ,139,数学摇滚 | 让复杂的节拍溶解在晴空中.,12443719472,https://music.163.com/playlist?id=12443719472
365432,342371680,2350,4,2023-10-08,29,华语 流行 安静 ,76,公路歌单｜自驾游 公路 旅行 诗和远方,8788009908,https://music.163.com/playlist?id=8788009908
3238789,409028007,29580,385,2020-12-19,380,韩语 流行 放松 ,185,【K-POP】心动前奏•撩拨沉寂已久的心灵,5387937606,https://music.163.com/playlist?id=5387937606
206201,282432050,1696,5,2022-10-03,35,后摇 驾车 旅行 ,84,公路歌单 | 自驾游歌单 | 兜风也要有情调 |,7668201989,https://music.163.com/playlist?id=7668201989
1329869,281641246,9782,16,2023-11-12,101,华语 流行 影视原声 ,42,天赐的声音第六季｜歌曲合集,8858730243,https://music.163.com/playlist?id=8858730243
231036,8679265630,1178,25,2024-10-15,22,流行 伤感 网络歌曲 ,233,emo 天花板歌曲系列「伤感」「睡觉听」,12732629310,https://music.163.com/playlist?id=12732629310
39268,3938878674,2050,56,2022-06-21,19,治愈 孤独 轻音乐 ,34,『纯音乐』 温柔孤独治愈||| 最佳纯音乐,7499999220,https://music.163.com/playlist?id=7499999220
26597,3716260300,156,5,2022-11-11,15,安静 孤独 怀旧 ,322,如果深情往事你已不再留恋 就让它随风飘远,7739812855,https://music.163.com/playlist?id=7739812855
13678328,41819436,111715,556,2023-03-13,1107,韩语 流行 舞曲 ,190,KPOP随舞 | 这谁能忍住不跟跳,8232491318,https://music.163.com/playlist?id=8232491318
4006508,1313376795,51584,128,2022-07-12,719,R&B/Soul 夜晚 ,91,微醺｜R&B真的有点困,7533323884,https://music.163.com/playlist?id=7533323884
310515,568996383,6646,44,2023-09-12,70,日语 感动 治愈 ,263,『日语女声』就让我再次沉溺于这温柔大海,8727738955,https://music.163.com/playlist?id=8727738955
4648217,617551574,51347,194,2020-04-05,852,欧美 说唱 ,265,【歐美】Trap/旋律說唱（切歌算我輸）持更,4952648595,https://music.163.com/playlist?id=4952648595
398204,1827318206,3892,33,2020-02-16,38,古风 思念 经典 ,97,古风| “青衫烟雨客，似是故人来”,4865894190,https://music.163.com/playlist?id=4865894190
2045671,107742044,12733,92,2024-11-13,111,华语 古风 地铁 ,137,国风热歌：壁上观 牵丝戏 春庭雪 寄明月,12854349462,https://music.163.com/playlist?id=12854349462
6076,1753413099,13,评论,2025-04-29,2,华语 流行 榜单 ,202,珠玉 唯一 可不可以 富士山下 匆匆那年 你,13642686565,https://music.163.com/playlist?id=13642686565
43838,4890039635,98,评论,2025-03-05,1,华语 流行 网络歌曲 ,200,华语乐坛顶流热歌，全是回忆杀,13402011858,https://music.163.com/playlist?id=13402011858
1212,7872690377,16,评论,2025-02-27,2,说唱 华语 伤感 ,49,合伙人爱听｜解锁浪漫抒情说唱新体验,13375701336,https://music.163.com/playlist?id=13375701336
176507,3869287720,2569,16,2025-02-01,58,网络歌曲 伤感 说唱 ,90,爱 是三万滴眼泪汇成的海,13250654100,https://music.163.com/playlist?id=13250654100
101325,1957705066,99,1,2025-03-11,4,华语 流行 网络歌曲 ,207,今日强推！孕期耳朵的治愈充电站,13428814585,https://music.163.com/playlist?id=13428814585
232556,8819263666,3412,16,2024-11-24,53,运动 兴奋 流行 ,120,不知道什么是把妹王 只知道对你好是真的,12904323718,https://music.163.com/playlist?id=12904323718
922486,636896700,30629,186,2020-10-10,149,游戏 ,363,原神bgm精选，学习工作用（远古圣山已更新,5282201650,https://music.163.com/playlist?id=5282201650
54359,1378494832,357,2,2022-06-05,3,华语 古风 流行 ,133,「古风轻柔」以前车马很慢，书信很远,7471807566,https://music.163.com/playlist?id=7471807566
268051,1723792987,7433,35,2024-06-23,45,思念 安静 ,226,逃避现实 沉浸在自己的幻想世界吧,12219336569,https://music.163.com/playlist?id=12219336569
36101480,125622,1148068,4008,2015-08-28,18363,电子 轻音乐 旅行 ,277,适合延时摄影BGM的音乐,102008316,https://music.163.com/playlist?id=102008316
83225,342371680,1658,8,2023-04-18,38,轻音乐 清新 流行 ,66,北欧森与海 | 置身于无尽夜与白日冰川中,8306904016,https://music.163.com/playlist?id=8306904016
4663464,346769611,18685,80,2022-10-27,167,流行 华语 快乐 ,90,快乐至上！那些让人听了心情变好的歌曲,7709900017,https://music.163.com/playlist?id=7709900017
16622169,1570363399,137322,430,2020-08-08,2741,放松 欧美 ,125,放轻松 就当漫游地球 来和我一起听吧！,5169111277,https://music.163.com/playlist?id=5169111277
7453,468533749,119,2,2023-12-13,9,怀旧 孤独 安静 ,78,梦核、怪核等核类助眠音乐合集,8928687868,https://music.163.com/playlist?id=8928687868
184336,3326882078,852,36,2022-01-30,15,伤感 思念 孤独 ,169,其实我想要的 是你一直在我身边,7266898290,https://music.163.com/playlist?id=7266898290
461545,342371680,2770,14,2023-08-25,35,欧美 流行 快乐 ,101,周末欢愉：开启快乐模式 去拥抱美好心情！,8686856376,https://music.163.com/playlist?id=8686856376
101764,7980846398,1549,12,2023-05-01,47,孤独 治愈 ,309,我刻意躲开幸福 但痛苦并没有消失,8392167420,https://music.163.com/playlist?id=8392167420
6337713,499367912,64697,198,2022-03-29,476,欧美 流行 兴奋 ,157,欧美励志燃曲：与宿命的顶级拉扯,7355390713,https://music.163.com/playlist?id=7355390713
63414,346769611,312,1,2025-02-18,11,流行 浪漫 清新 ,51,恋爱频率开启｜谈甜甜的爱情，听甜甜的歌,13338895223,https://music.163.com/playlist?id=13338895223
714263,596457916,15176,63,2020-10-05,217,日语 夜晚 放松 ,208,霓虹灯下霓虹国（Citypop/日式爵士/beats）,5273740499,https://music.163.com/playlist?id=5273740499
77161,107742044,540,评论,2023-12-04,9,华语 工作 感动 ,94,棱镜乐队，橘子海，新裤子，告五人,8901808940,https://music.163.com/playlist?id=8901808940
2550750,1418525778,12028,221,2023-12-19,135,流行 网络歌曲 说唱 ,248,那些不经意哼出却想不起歌名的歌（日更）,9083853651,https://music.163.com/playlist?id=9083853651
9097306,456244098,192758,742,2017-04-26,1120,古风 华语 网络歌曲 ,159,攻尽天下（节奏控的古风歌单）,708924941,https://music.163.com/playlist?id=708924941
88862,2136251484,253,3,2023-04-29,1,流行 说唱 伤感 ,124,伤感EMO说唱 | 音乐是抚慰情绪的良药,8385190323,https://music.163.com/playlist?id=8385190323
139409,10067986194,2245,28,2024-12-29,57,流行 伤感 网络歌曲 ,71,如果爱赢万难 那我们携手同行,13064060462,https://music.163.com/playlist?id=13064060462
306951,1520836115,996,2,2024-12-29,16,浪漫 华语 R&B/Soul ,51,华语R&B |细听晚霞的浪漫特调,13063374823,https://music.163.com/playlist?id=13063374823
194101,3886887754,1180,23,2023-05-13,21,伤感 流行 说唱 ,140,短暂的美好 赠品都是永远的痛苦,8415338110,https://music.163.com/playlist?id=8415338110
40322,607886618,349,2,2023-09-02,13,流行 欧美 性感 ,59,『氛围感』暧昧满满 恋爱脑必听,8706992598,https://music.163.com/playlist?id=8706992598
76619,1661470704,300,4,2025-03-28,4,华语 流行 榜单 ,108,珠玉 舍得 去远方 爱错 跳楼机 唯一 青花,13505154166,https://music.163.com/playlist?id=13505154166
4589204,397929210,38458,121,2022-06-09,611,欧美 流行 快乐 ,106,「快乐星球」 会让你心情变好的英文歌,7479752224,https://music.163.com/playlist?id=7479752224
268156,1307100304,6535,40,2020-06-15,52,日语 ,154,「日语 男音」一秒沦陷的少年啊 慵懒.欲望.,5066418237,https://music.163.com/playlist?id=5066418237
209440,1957705066,206,评论,2025-04-08,1,华语 流行 快乐 ,219,速爆！今日必听华语，拯救你的耳朵,13557786820,https://music.163.com/playlist?id=13557786820
313826,342371680,3119,8,2023-10-22,26,华语 流行 古风 ,70,烟雨江南 | 你一句春不晚 我到了真江南,8814710412,https://music.163.com/playlist?id=8814710412
194118,1520836115,996,2,2024-10-07,18,华语 快乐 R&B/Soul ,68,吸引好运/高能量显化/清新治愈小调,12697516954,https://music.163.com/playlist?id=12697516954
66887,1965336635,458,2,2024-05-16,5,华语 古风 ,37,难却戏腔｜待上浓妆，好戏开场•古风精选,10059678369,https://music.163.com/playlist?id=10059678369
26661204,86689729,405152,1294,2016-05-01,4270,欧美 流行 榜单 ,205,惊艳佳作 |那些旋律沦陷的英文女声,373584919,https://music.163.com/playlist?id=373584919
118406,122219509,1163,2,2022-05-17,11,欧美 旅行 放松 ,195,高质感节奏控｜高奢店铺氛围欧美音乐,7441585708,https://music.163.com/playlist?id=7441585708
335095,3572873254,6863,68,2024-11-18,135,孤独 轻音乐 伤感 ,84,成为神的代价是孤独【氛围感】,12880380006,https://music.163.com/playlist?id=12880380006
277173,1289346856,1783,6,2024-06-08,28,流行 驾车 旅行 ,104,公路歌单｜人生是旷野 不是轨道,10148342897,https://music.163.com/playlist?id=10148342897
17028970,1543917791,81630,662,2018-12-29,2603,流行 华语 伤感 ,188,只有熬不完的夜和听不完的网易云,2578556705,https://music.163.com/playlist?id=2578556705
160753,7820582010,1422,5,2024-09-18,32,浪漫 治愈 校园 ,159,恋爱小甜歌｜凯蒂猫之箭已瞄准泥,12618642611,https://music.163.com/playlist?id=12618642611
18193,1413621561,135,评论,2019-08-29,4,清晨 夜晚 ,162,如果你也喜欢温柔的慢歌,2960939684,https://music.163.com/playlist?id=2960939684
1113292,643534522,6040,12,2020-09-20,76,说唱 华语 ,165,说唱情歌：专属于rapper的温柔,5245955646,https://music.163.com/playlist?id=5245955646
3746518,541959300,49855,807,2018-02-23,408,说唱 流行 感动 ,88,Lil Ghost小鬼 | 把更多时间花在音乐上,2114596021,https://music.163.com/playlist?id=2114596021
41893,5088441805,691,2,2024-05-15,21,欧美 放松 快乐 ,123,改变磁场，吸引好运，快乐玄学100％欧美系,10057496235,https://music.163.com/playlist?id=10057496235
192829,1957705066,184,评论,2025-04-08,5,华语 流行 网络歌曲 ,215,速爆！今日必听华语，拯救你的耳朵,13557990566,https://music.163.com/playlist?id=13557990566
33436796,1820603615,59784,612,2022-01-04,1242,华语 流行 说唱 ,177,Emo说唱 | 伤口在烟雾中凝结,7220849432,https://music.163.com/playlist?id=7220849432
331429,3936839322,1529,评论,2024-12-06,22,华语 流行 驾车 ,235,横扫路途乏意：车载U盘100首情歌,12957816354,https://music.163.com/playlist?id=12957816354
103990,112726299,1175,10,2024-04-05,15,电子 欧美 驾车 ,106,驾车兜风· 加州夕阳·洛杉矶华灯· 海边风,9686359664,https://music.163.com/playlist?id=9686359664
17050,632290587,89,3,2025-04-15,1,华语 古风 驾车 ,60,国风热曲 |恐有枝头胭脂色，永夜星河寄明月,13586565979,https://music.163.com/playlist?id=13586565979
520886,537073013,994,13,2021-06-12,8,华语 治愈 安静 ,148,一路生花！愿我们都能笑着放下,6803136788,https://music.163.com/playlist?id=6803136788
2804,7872690377,14,2,2025-02-27,1,华语 流行 旅行 ,50,合伙人私藏｜这些华语流行女声都好好听,13375693097,https://music.163.com/playlist?id=13375693097
34832,137149867,380,评论,2019-06-29,5,欧美 流行 运动 ,186,超强踩点英文歌/跑步健身BGM,2864609980,https://music.163.com/playlist?id=2864609980
6912125,1673257986,1877,6,2022-08-27,34,伤感 华语 流行 ,126,精选emo伤感 | 还是会忍不住的想你,7609132593,https://music.163.com/playlist?id=7609132593
9187937,1162612,109711,1961,2023-05-25,13988,华语 流行 ,38,5525 五月天｜回到那一天｜巡回演唱会,8436434272,https://music.163.com/playlist?id=8436434272
1253610,293031155,16116,20,2023-05-09,284,欧美 R&B/Soul 蓝调 ,75,R&B / NeoSoul 50's 慵懒声线搭配清冷甜嗓,8408673569,https://music.163.com/playlist?id=8408673569
580836,417518334,7336,48,2023-11-01,49,华语 流行 感动 ,140,中国式浪漫『故事感/宿命感』,8834550683,https://music.163.com/playlist?id=8834550683
380795,312585551,2220,19,2024-05-15,48,电子 驾车 旅行 ,223,超嗨DJ功爆 | 解压神曲，车载最爱听,10055641280,https://music.163.com/playlist?id=10055641280
1216043,342371680,23652,104,2023-10-27,290,轻音乐 安静 孤独 ,97,美学纯音：是浸透灵魂的宿命与破碎梦境,8824767819,https://music.163.com/playlist?id=8824767819
13592004,290212891,96035,173,2023-01-14,1003,华语 90后 流行 ,218,华语经典 | 那些属于我们青春的一首歌曲,8055396278,https://music.163.com/playlist?id=8055396278
443,8376551360,10,评论,2025-03-04,0,华语 流行 伤感 ,40,人生本就是过客 你的誓言 我替你忘记,13397109613,https://music.163.com/playlist?id=13397109613
3224608,3327595269,12020,157,2023-02-11,110,流行 网络歌曲 说唱 ,228,那些不经意哼出却想不起歌名的歌,8157483480,https://music.163.com/playlist?id=8157483480
853127,632290587,2781,4,2025-02-22,35,华语 驾车 伤感 ,76,车载烟嗓 | 我把故事酿成酒 一两相思一两愁,13356748530,https://music.163.com/playlist?id=13356748530
855217,1539702828,4385,11,2022-12-07,68,欧美 流行 ,128,欧美|辣妹逛街\化妆\运动必备bgm|酷炫,7798884330,https://music.163.com/playlist?id=7798884330
205256,342371680,4415,11,2024-05-31,73,电子 安静 孤独 ,74,梦核美学 | 孤独 虚无 迷失 超现实主义风,10113950624,https://music.163.com/playlist?id=10113950624
2056845,382936339,18113,23,2023-08-09,246,R&B/Soul 浪漫 快乐 ,49,Soul/R&B/方大同/陶喆/余佳运/郭顶/颜人中,8641903445,https://music.163.com/playlist?id=8641903445
35812,1564650534,344,5,2018-08-20,1,华语 古风 ,110,天子呼来不上船，自称臣是酒中仙,2376219896,https://music.163.com/playlist?id=2376219896
1864323,1843488905,9064,23,2021-02-07,100,华语 流行 治愈 ,231,那些只听前奏就会上瘾的华语流行歌曲,6602966946,https://music.163.com/playlist?id=6602966946
5117412,392078662,36760,69,2021-09-18,435,欧美 流行 电子 ,230,欧美英文｜旋律 节奏 律动 氛围,6976173486,https://music.163.com/playlist?id=6976173486
4338880,342371680,20392,83,2023-09-09,269,华语 流行 怀旧 ,101,90后回忆杀 | 回头看 轻舟已过万重山,8721179618,https://music.163.com/playlist?id=8721179618
2120187,350048481,8563,10,2024-09-08,76,华语 流行 兴奋 ,80,"DJ「车载劲爆,兜风专用,顶 级夜场嗨曲]",12573303801,https://music.163.com/playlist?id=12573303801
70966,1957705066,88,评论,2025-04-08,2,华语 流行 孤独 ,200,一听就沦陷！耳朵“收割机”热歌合辑,13557781798,https://music.163.com/playlist?id=13557781798
7092,372680052,25,评论,2025-03-07,1,欧美 流行 R&B/Soul ,35,「欧美清新」灵动旋律Hook | 奏响恋曲,13411287684,https://music.163.com/playlist?id=13411287684
1268341,356703563,21257,250,2018-11-29,312,日语 流行 清新 ,85,『人间至宝』ヨルシカ|夜鹿 曲集,2534894259,https://music.163.com/playlist?id=2534894259
74863,3392585812,203,评论,2023-03-07,2,流行 华语 ,132,穿越十年情歌精选 | 让每一秒都沉浸在这,8219659219,https://music.163.com/playlist?id=8219659219
771160,342371680,9400,26,2023-12-10,156,欧美 R&B/Soul 浪漫 ,128,微醺R&B | 浪漫浸染 或丝般柔顺 或梦般性感,8922614426,https://music.163.com/playlist?id=8922614426
62305,316890319,1142,10,2024-05-17,8,日语 流行 ACG ,65,学园偶像大师/初星学园 收录曲 [5/17更新],10063977450,https://music.163.com/playlist?id=10063977450
211951,3859988995,2884,175,2025-02-01,270,治愈 说唱 流行 ,223,我的忧愁让你费解,13247009064,https://music.163.com/playlist?id=13247009064
15408,8557971868,482,评论,2024-12-26,3,华语 流行 ,134,听潮阁｜地下歌手会闯出属于自己的路！,13047249631,https://music.163.com/playlist?id=13047249631
8953,1520836115,111,评论,2025-03-22,7,欧美 R&B/Soul 放松 ,88,松弛100％/慵懒沉浸式/迷幻氛围曲,13482239379,https://music.163.com/playlist?id=13482239379
226660,1441490025,3498,15,2025-02-21,44,流行 伤感 孤独 ,47,或许悲伤才是我的主旋律,13349706803,https://music.163.com/playlist?id=13349706803
70554,1520836115,403,1,2025-03-20,11,欧美 流行 快乐 ,73,元气补给站 /提升能量/一键解锁好心情,13470329398,https://music.163.com/playlist?id=13470329398
440624,2082387309,3810,10,2024-09-01,30,流行 孤独 韩语 ,84,极具宿命感的韩语｜我爱你直到时间尽头,12545903160,https://music.163.com/playlist?id=12545903160
157229,632290587,756,14,2024-09-25,11,华语 夜晚 伤感 ,123,深夜emo天花板 | 最流行伤感情歌,12646541849,https://music.163.com/playlist?id=12646541849
487736,1698619931,3781,11,2019-04-21,44,小语种 清新 散步 ,338,让耳朵怀孕的泰国经典歌曲,2765818591,https://music.163.com/playlist?id=2765818591
458857,1475052225,1614,3,2020-10-24,12,欧美 电子 驾车 ,131,高速开车必备 车载 硬曲 轻松,5302076834,https://music.163.com/playlist?id=5302076834
383278,1289346856,4883,23,2024-09-24,89,欧美 治愈 放松 ,40,『置身旷野』寂静 幽美 于绿色山谷之间,12642163214,https://music.163.com/playlist?id=12642163214
1232520,5088441805,10524,16,2024-07-29,170,流行 浪漫 快乐 ,136,小甜歌｜暧昧值拉满 极限拉扯上头BGM,12371209596,https://music.163.com/playlist?id=12371209596
1864287,97515301,13433,30,2022-06-27,230,华语 治愈 散步 ,119,华语R&B｜世界不再贩卖焦虑，开始流行快乐,7507884407,https://music.163.com/playlist?id=7507884407
8352,3289942701,187,3,2022-05-01,4,日语 ,129,春野/藤井風/米津玄师/Vaundy,7411542646,https://music.163.com/playlist?id=7411542646
66484,1360325059,546,15,2023-10-15,12,R&B/Soul 欧美 ,74,复古R&B｜感受摩登都市的慵懒节奏,8800458787,https://music.163.com/playlist?id=8800458787
485338,342371680,3190,18,2024-08-20,57,华语 R&B/Soul 流行 ,84,国语/经典R&B：发型正确 允许R&B.,12486247869,https://music.163.com/playlist?id=12486247869
15576,9114726748,18,17,2024-12-13,14,华语 流行 ,209,为什么会痛苦 明明人生都那么搞笑了,12990247906,https://music.163.com/playlist?id=12990247906
200477,107742044,613,评论,2024-04-13,6,华语 流行 综艺 ,103,神仙华语live：教科书级别的舞台,9772659855,https://music.163.com/playlist?id=9772659855
131828,342371680,1667,7,2024-02-14,39,治愈 清新 放松 ,73,春日松弛室 | chill节奏 放慢生活 放慢自己,9297656956,https://music.163.com/playlist?id=9297656956
69189,122652011,1916,3,2018-06-03,18,流行 古风 兴奋 ,252,码字专用bgm-燃曲/武曲/气势曲（二）,2253943131,https://music.163.com/playlist?id=2253943131
18293,342371680,285,评论,2023-04-23,10,轻音乐 清新 放松 ,61,绿野之音 | 沉浸自然 于绿野中无尽畅想,8374431995,https://music.163.com/playlist?id=8374431995
19860,2121080414,328,2,2024-09-23,9,轻音乐 安静 夜晚 ,100,纯音乐｜我的电子止痛药,12640095716,https://music.163.com/playlist?id=12640095716
1364313,3940142987,12220,65,2021-04-09,130,欧美 流行 放松 ,367,轻快小调『英文歌』治愈所有不开心,6703766644,https://music.163.com/playlist?id=6703766644
16223,1475052225,79,1,2024-03-25,2,欧美 电子 驾车 ,131,低沉鼓点，极致低音享受 「车载」,9527231372,https://music.163.com/playlist?id=9527231372
939,97515301,13,评论,2025-03-22,0,欧美 R&B/Soul 地铁 ,55,欧美R&B｜用丝滑旋律包裹慵懒时光,13478302123,https://music.163.com/playlist?id=13478302123
352797,646230162,2993,7,2019-02-23,21,欧美 流行 英伦 ,92,嘎嘎/霉霉/打雷/艾薇儿/阿黛尔/蕾哈娜,2682013953,https://music.163.com/playlist?id=2682013953
205668,342371680,1926,8,2024-11-25,33,华语 流行 感动 ,88,郑润泽 队长 颜人中 余佳运 h3r3,12911015243,https://music.163.com/playlist?id=12911015243
1215754,1289346856,12780,109,2023-03-20,154,欧美 旅行 驾车 ,229,『人生是旷野 不是轨道』去寻找25号底片吧,8247710942,https://music.163.com/playlist?id=8247710942
3600453,564280063,90195,1827,2017-10-19,931,治愈 安静 伤感 ,103,写小说灵感爆发的纯音乐，睡觉/发呆/写作业,964230606,https://music.163.com/playlist?id=964230606
46871904,354868458,81251,266,2021-09-26,6467,华语 流行 伤感 ,153,深夜Emo歌单 | 凌晨三点的心碎时刻,6988887522,https://music.163.com/playlist?id=6988887522
285539,1289346856,3331,25,2024-09-21,61,欧美 治愈 放松 ,85,『心向原野』人生不是轨道，而是一片原野。,12630574415,https://music.163.com/playlist?id=12630574415
7116429,418460,79582,787,2014-01-22,690,韩语 影视原声 浪漫 ,71,韩剧的OST女王们,8061626,https://music.163.com/playlist?id=8061626
43325,342371680,341,评论,2023-04-02,4,流行 华语 快乐 ,78,『甜度值100%』做阳光可爱小甜妹！,8273046253,https://music.163.com/playlist?id=8273046253
433526,5088441805,2028,6,2024-09-09,57,华语 流行 快乐 ,58,把坏情绪通通赶走：一键开启愉悦心情,12579939680,https://music.163.com/playlist?id=12579939680
18173872,3937312537,15281,212,2024-06-04,110,华语 流行 伤感 ,118,深夜emo伤感丨一个人一首歌不同的故事,10131782395,https://music.163.com/playlist?id=10131782395
14904,1661470704,50,评论,2025-04-07,0,驾车 华语 流行 ,171,沉浸开车100首，一路轻松兜风去,13555055215,https://music.163.com/playlist?id=13555055215
25652548,1628490861,235692,1131,2020-12-23,6348,欧美 流行 ,135,欧美丨旋律控的极致享受！,5393192213,https://music.163.com/playlist?id=5393192213
122294,321152745,5883,155,2023-04-19,258,欧美 摇滚 ,100,『我在意的人不是异性』官方歌单,8309216024,https://music.163.com/playlist?id=8309216024
291281,491465174,1026,2,2024-12-25,16,华语 流行 驾车 ,198,【车载】一路狂嗨开车也能嗨起来,13040711887,https://music.163.com/playlist?id=13040711887
1459636,1463489610,10080,77,2022-12-29,103,流行 快乐 治愈 ,179,那些年甜甜的歌 甜到爆表,7998349492,https://music.163.com/playlist?id=7998349492
1290231,342371680,11667,33,2023-04-23,188,轻音乐 清新 流行 ,108,自然之音 | 沉浸大自然 静谧与美好之中,8374925988,https://music.163.com/playlist?id=8374925988
86220,4931163520,514,3,2023-03-17,4,流行 孤独 ,112,那天我看着你的眼睛 以为你不会离开我,8240221583,https://music.163.com/playlist?id=8240221583
29098276,1820603615,32782,677,2022-01-04,516,华语 流行 伤感 ,110,旧歌都杀回来了 那旧人会重逢吗,7220832652,https://music.163.com/playlist?id=7220832652
7920280,1362869267,74682,513,2021-07-09,1215,欧美 运动 兴奋 ,235,体育生训练BGM（肾上腺素飙升）,6849697306,https://music.163.com/playlist?id=6849697306
341160,56002621,2104,15,2017-01-14,84,华语 流行 清新 ,85,慵懒松弛感%闲暇午后放松的时刻,569487700,https://music.163.com/playlist?id=569487700
4507659,1349255473,42214,71,2023-07-26,400,影视原声 流行 华语 ,73,宿命感｜好听的古装电视剧ost合集,8593298971,https://music.163.com/playlist?id=8593298971
12243272,1286855393,133070,417,2021-02-04,2241,欧美 浪漫 R&B/Soul ,254,慵懒随性 | 戴上耳机舒适度100%,6597679343,https://music.163.com/playlist?id=6597679343
12009679,339152569,78196,96,2022-02-21,763,欧美 说唱 驾车 ,53,【Rap】开车听这些 交警都问你要歌名,7301594684,https://music.163.com/playlist?id=7301594684
34000136,354868458,95222,1131,2020-11-24,4760,伤感 夜晚 华语 ,144,失恋emo歌单 | 把你藏在心头 每天每夜想你,5349307028,https://music.163.com/playlist?id=5349307028
1256973,124391191,14678,17,2022-10-08,226,欧美 放松 另类/独立 ,142,Afro)一种听着就想摇的音乐,7677203521,https://music.163.com/playlist?id=7677203521
395298,342371680,3671,8,2023-12-29,39,欧美 流行 快乐 ,170,日落漫游 | 趁着落日 去拥抱浪漫 拥抱自由,9104022987,https://music.163.com/playlist?id=9104022987
1129279,1492154506,6002,114,2022-03-03,172,伤感 华语 夜晚 ,261,“玫瑰到了花期，我很想你”,7316450863,https://music.163.com/playlist?id=7316450863
231855,380607001,4263,17,2017-04-27,68,夜晚 伤感 轻音乐 ,43,将我埋葬在某个寻常的雨夜,709578185,https://music.163.com/playlist?id=709578185
561194,342371680,5491,24,2023-12-05,130,欧美 R&B/Soul 浪漫 ,170,R&B/Soul血型人：浪漫 微醺 氛围鼓点曲,8903810943,https://music.163.com/playlist?id=8903810943
2169370,342371680,17535,51,2023-10-20,184,华语 流行 古风 ,86,戏腔绝唱 | 国风传唱 戏腔一响 惊艳全场,8810744255,https://music.163.com/playlist?id=8810744255
1078084,286427520,14126,126,2019-07-28,488,欧美 摇滚 ,41,巴洛克流行 I 摇滚和古典的美妙结合,2903676321,https://music.163.com/playlist?id=2903676321
7409918,585547926,54978,332,2021-04-05,890,华语 流行 R&B/Soul ,130,华语R&B|和喜欢的人一起听歌就有双倍的快乐,6697491422,https://music.163.com/playlist?id=6697491422
60975,1478566802,829,10,2019-08-09,7,轻音乐 学习 治愈 ,179,心烦意乱的时候 更适合听点安静的音乐,2925177608,https://music.163.com/playlist?id=2925177608
645517,1586735597,7915,56,2023-04-25,62,夜晚 伤感 孤独 ,198,【虐向】be文必备歌曲|再见过路人,8378202055,https://music.163.com/playlist?id=8378202055
664523,7883293786,6057,34,2023-06-08,135,华语 另类/独立 清新 ,60,“一 起 逃 跑 吧” 小众华语浪漫集,8468792057,https://music.163.com/playlist?id=8468792057
29776,3813131660,459,14,2023-07-25,5,伤感 孤独 学习 ,109,『INFJ』渴望灵魂共振的自我救赎论者,8590558861,https://music.163.com/playlist?id=8590558861
1319415,342371680,11561,135,2023-05-25,118,轻音乐 清新 流行 ,142,治愈纯音乐 | 人间温柔 聆听时光静好,8436750387,https://music.163.com/playlist?id=8436750387
33737,333109897,329,15,2017-06-23,13,日语 ACG 快乐 ,165,〔日系二次元ACG〕总有一天会传达给你!,773407759,https://music.163.com/playlist?id=773407759
762256,3218192496,6468,24,2024-01-17,174,华语 流行 快乐 ,55,爆甜情歌｜适合暧昧期间和crush一起听,9163136347,https://music.163.com/playlist?id=9163136347
354296,269520705,2048,1,2022-08-27,28,华语 流行 放松 ,169,超有氛围感的车载歌单｜流行音乐,7609163105,https://music.163.com/playlist?id=7609163105
69416,467282739,1139,18,2018-07-12,10,日语 旅行 放松 ,203,适合一个人听的日语歌,2312286439,https://music.163.com/playlist?id=2312286439
129047,299523039,3402,43,2018-08-05,98,日语 摇滚 散步 ,159,『日摇』日搖佳作收錄,2348385935,https://music.163.com/playlist?id=2348385935
203565,368570325,1639,9,2023-09-01,28,欧美 说唱 酒吧 ,45,『歐美Trap』令人抓耳旋律说唱,8706038921,https://music.163.com/playlist?id=8706038921
24506582,354868458,47970,358,2020-11-24,1455,华语 流行 伤感 ,152,深夜emo伤感丨一个人一首歌不同的故事,5349200976,https://music.163.com/playlist?id=5349200976
4121281,372680052,41872,563,2018-02-04,2241,轻音乐 夜晚 学习 ,107,睡觉专用，听了睡不好找我。,2087175732,https://music.163.com/playlist?id=2087175732
3730421,633475614,32054,81,2023-01-26,367,欧美 放松 流行 ,150,欧美放松向丨假期需要点节奏放松,8099934660,https://music.163.com/playlist?id=8099934660
23522,504398863,230,7,2019-08-13,7,R&B/Soul 爵士 浪漫 ,168,【银河系浪漫电台】热烈慵懒系宝藏乐队特辑,2935259496,https://music.163.com/playlist?id=2935259496
4795549,1468753117,63415,261,2023-01-10,469,日语 ACG ,89,【日语】熟悉感瞬间涌上心头,8035291053,https://music.163.com/playlist?id=8035291053
66503,440788732,1920,8,2022-02-26,43,古典 经典 轻音乐 ,124,『古典』不要温和地走进那良夜,7310351200,https://music.163.com/playlist?id=7310351200
286715,413573792,3588,103,2023-03-26,144,思念 ,108,去你吗的答应我会幸福,8260166525,https://music.163.com/playlist?id=8260166525
4424448,372680052,32088,211,2019-06-07,3066,欧美 流行 电子 ,301,「欧美电子」日落西山 | 犹如一幅少女油画,2832842727,https://music.163.com/playlist?id=2832842727
2984341,2142110154,27007,194,2023-02-15,362,快乐 流行 华语 ,146,〖阳光小调 〗城市逃离计划,8168289952,https://music.163.com/playlist?id=8168289952
16129990,354868458,16359,115,2021-09-26,471,流行 华语 学习 ,115,伤感emo歌单「失恋」「孤独」「难过」,6988887536,https://music.163.com/playlist?id=6988887536
7458141,397929210,81372,187,2022-05-07,1186,轻音乐 下午茶 放松 ,196,「纯音乐」温暖治愈丨沉浸于慵懒的下午时光,7423482819,https://music.163.com/playlist?id=7423482819
122149,352701105,1186,24,2016-11-04,9,日语 ACG 治愈 ,165,[日系]绝美女声，前奏秒杀.每一首都是精选~,501537294,https://music.163.com/playlist?id=501537294
1571831,1367867579,4532,34,2023-04-26,92,治愈 民谣 安静 ,99,[民谣] 总有一首歌唱的是你的人生,8379963058,https://music.163.com/playlist?id=8379963058
348993,384402876,1996,32,2017-08-26,36,夜晚 摇滚 ,108,今夜我不关心人类.我只想你,895226424,https://music.163.com/playlist?id=895226424
3403311,342371680,73068,266,2023-07-19,893,孤独 轻音乐 古典 ,160,美学纯音：纯粹 寂静 悠远 孤独 深邃,8573117366,https://music.163.com/playlist?id=8573117366
5362098,354868458,22850,23,2022-04-16,1249,华语 流行 伤感 ,101,Emo天花板歌曲系列「伤感」「睡觉听」,7381834973,https://music.163.com/playlist?id=7381834973
814793,1520836115,8247,137,2023-11-29,113,欧美 流行 治愈 ,138,改变磁场，吸引好运，快乐玄学100％欧美系,8891421016,https://music.163.com/playlist?id=8891421016
528929,1289346856,5877,34,2023-09-06,86,放松 驾车 兴奋 ,136,驾车放松｜落日余晖 沙滩公路 敞篷跑车,8716261797,https://music.163.com/playlist?id=8716261797
29982,1654215940,434,6,2023-07-19,10,流行 伤感 网络歌曲 ,51,命缘相思苦刀斩不断忧郁,8573898705,https://music.163.com/playlist?id=8573898705
1405883,342371680,13072,31,2023-08-14,249,欧美 R&B/Soul 流行 ,271,氛围R&B | 浪漫血型 R&B血型人的每日必听曲,8656474505,https://music.163.com/playlist?id=8656474505
153704336,506592007,2241455,13487,2018-11-19,31296,轻音乐 学习 夜晚 ,168,纯音乐 轻音乐 解压 学习 刷题 睡觉 御用,2520739691,https://music.163.com/playlist?id=2520739691
266161,544261943,2008,5,2023-09-29,28,华语 流行 兴奋 ,246,连麻/隼/SASI /罗言/雪原双子/加木/脆皮,8764306233,https://music.163.com/playlist?id=8764306233
80281,3910027891,697,36,2020-10-06,5,流行 说唱 华语 ,146,以歌养神，养癫了可还…好？,5276465953,https://music.163.com/playlist?id=5276465953
904103,342371680,4750,8,2023-12-31,71,华语 流行 治愈 ,108,『小甜歌Pick』像嘴里含着的草莓味软糖！,9111148297,https://music.163.com/playlist?id=9111148297
4713497,336040242,41526,269,2020-05-16,1526,摇滚 浪漫 华语 ,100,宝藏乐队丨落日沉溺于橘色的海,5020401051,https://music.163.com/playlist?id=5020401051
1146346,342371680,11471,29,2023-09-11,123,欧美 流行 快乐 ,153,欧美轻小调 | Apricity 干净阳光 清新小调,8727419531,https://music.163.com/playlist?id=8727419531
129489,1591398612,473,3,2023-03-30,21,华语 R&B/Soul 快乐 ,259,私藏歌单|华語R＆B 時刻放松好心情,8266383712,https://music.163.com/playlist?id=8266383712
16744920,354868458,24982,140,2020-11-24,1914,华语 流行 伤感 ,188,深夜emo歌单 | 从彼此世界路过,5349287264,https://music.163.com/playlist?id=5349287264
901129,64125864,14776,37,2023-10-15,251,R&B/Soul 放松 欧美 ,210,欧美R&B｜“顶级旋律 开口沦陷”,8802386865,https://music.163.com/playlist?id=8802386865
144697,1349664959,957,4,2023-07-12,28,欧美 R&B/Soul 浪漫 ,101,欧美R&B RnB｜浪漫慵懒节奏布鲁斯,8551451363,https://music.163.com/playlist?id=8551451363
105821,342371680,927,2,2023-12-24,10,华语 流行 浪漫 ,76,甜味小歌库 | 浪漫日常与甜蜜发酵！,9093372656,https://music.163.com/playlist?id=9093372656
144209,342371680,1755,4,2023-10-06,18,欧美 治愈 放松 ,88,旅行小众风 | 适合旅行听的小众轻柔治愈曲,8784367417,https://music.163.com/playlist?id=8784367417
199759,133561745,3172,10,2021-07-24,48,摇滚 另类/独立 驾车 ,90,布鲁斯摇滚丨公路行驶丨狂野,6878218453,https://music.163.com/playlist?id=6878218453
196462,342371680,4069,12,2023-11-28,73,轻音乐 孤独 感动 ,74,美学轻音 | 灵魂 摆渡 孤独 冥想 宿命感 ,8888183972,https://music.163.com/playlist?id=8888183972
3375677,79640896,34704,165,2018-05-06,1149,另类/独立 摇滚 欧美 ,60,『梦幻噪音治愈手册』自赏派编织的斑斓绮梦,2215267824,https://music.163.com/playlist?id=2215267824
9598274,541959300,103332,212,2022-11-03,919,古风 放松 华语 ,121,国风戏腔 | 人心多变，幻中吞幻,7724264654,https://music.163.com/playlist?id=7724264654
19910146,354868458,18979,356,2020-11-04,11065,流行 华语 伤感 ,103,你最爱的歌 我会反复听,5318604184,https://music.163.com/playlist?id=5318604184
23007988,354868458,39924,611,2020-11-24,16853,流行 华语 治愈 ,112,你喜欢的歌 我听上万遍,5349291073,https://music.163.com/playlist?id=5349291073
61604,311407415,289,评论,2023-12-30,6,欧美 R&B/Soul 韩语 ,150,☀辣妹出街 | 纽约布鲁克林×首尔弘大街头,9107695049,https://music.163.com/playlist?id=9107695049
793987,301543163,12230,62,2023-09-28,100,华语 流行 伤感 ,42,"【你也喜欢·郑润泽】合集歌单 | 更新中
",8760354232,https://music.163.com/playlist?id=8760354232
52851,441914234,470,48,2018-12-26,18,R&B/Soul 欧美 酒吧 ,42,『欧洲R&B』｜马天尼杯的龙舌兰,2573576529,https://music.163.com/playlist?id=2573576529
131584,448340614,2846,87,2017-04-06,21,日语 ACG 旅行 ,179,风格多变却洗脑十足的日系曲库,688857208,https://music.163.com/playlist?id=688857208
1018354,342371680,13236,21,2023-04-09,257,欧美 R&B/Soul 流行 ,170,浪漫R&B | 趁着微醺醉意 和你讲浪漫与愛,8288895420,https://music.163.com/playlist?id=8288895420
72975312,354868458,187380,919,2020-11-05,32466,华语 流行 伤感 ,215,深夜emo歌单「孤独」「伤感」「心碎」,5320325908,https://music.163.com/playlist?id=5320325908
673947,5088441805,6035,85,2023-05-19,54,流行 伤感 网络歌曲 ,52,如果有人爱我所有 我一定不会哭,8425241019,https://music.163.com/playlist?id=8425241019
272864,342371680,2161,3,2023-05-25,27,欧美 流行 说唱 ,113,辣妹/化妆/御用曲：多巴胺女孩必听曲,8437312415,https://music.163.com/playlist?id=8437312415
413891,301543163,5041,27,2023-11-19,53,说唱 华语 流行 ,38,【你也喜欢·加木】合集歌单 | 更新中,8871207069,https://music.163.com/playlist?id=8871207069
156236,346769611,1077,14,2022-08-27,14,伤感 说唱 孤独 ,133,emo伤感说唱｜孤独灵魂无处安放,7610430388,https://music.163.com/playlist?id=7610430388
127733,342371680,995,14,2023-09-06,11,欧美 流行 说唱 ,96,甜辣妆调 | 送给精致女孩的化妆歌单,8716116122,https://music.163.com/playlist?id=8716116122
449201,342371680,4642,24,2023-09-17,84,华语 流行 治愈 ,148,郑润泽 颜人中 队长 余佳运 h3r3,8737266633,https://music.163.com/playlist?id=8737266633
3130295,3900100056,39575,103,2023-01-11,400,韩语 流行 舞曲 ,192,甜甜的韩语歌｜听完想恋爱了嘛-,8045683533,https://music.163.com/playlist?id=8045683533
748451,413162032,3512,27,2020-07-01,85,说唱 流行 ,238,不安人的心里装着薄荷水,5090647718,https://music.163.com/playlist?id=5090647718
972353,342371680,11072,28,2023-06-01,116,古风 华语 流行 ,102,烟雨江南 | 雾雨朦胧 古韵浓香 如诗如画,8448813140,https://music.163.com/playlist?id=8448813140
95930,51066752,1529,12,2016-06-25,17,华语 流行 R&B/Soul ,49,CityPop｜日本泡沫经济时代最迷人的旋律,408364150,https://music.163.com/playlist?id=408364150
23598868,354868458,39324,338,2022-08-22,902,流行 华语 夜晚 ,125,深夜emo情歌 | 原来我真的无人问津,7601673633,https://music.163.com/playlist?id=7601673633
2075828,1743047392,22495,110,2023-10-11,293,流行 夜晚 伤感 ,93,「郑润泽丨队长 丨h3R3」·回忆和你我都没忘,8793844264,https://music.163.com/playlist?id=8793844264
913964,342371680,16078,32,2023-10-24,238,流行 R&B/Soul 粤语 ,100,粤语R&B | 醇正R&B 偏小众的浪漫,8819067050,https://music.163.com/playlist?id=8819067050
396730,1918652478,10256,35,2024-01-13,73,另类/独立 兴奋 ,110,『全员恶人』斯文败类‖偏执‖另类‖疯子,9145400523,https://music.163.com/playlist?id=9145400523
469487,342371680,3109,4,2023-12-23,48,华语 流行 快乐 ,90,甜味小歌库 | 草莓味心情补给站~,9093308601,https://music.163.com/playlist?id=9093308601
8747163,583471,252309,1394,2013-12-13,3322,轻音乐 浪漫 伤感 ,65,听觉盛宴｜凄美纯音,6812369,https://music.163.com/playlist?id=6812369
2643885,3695860549,9045,67,2023-09-16,91,华语 流行 综艺 ,164,《天赐的声音》那些惊艳全场的歌曲,8734505317,https://music.163.com/playlist?id=8734505317
3447766,311877725,28989,164,2018-03-04,665,欧美 影视原声 经典 ,78,电影里的音乐人，胶片上的旧时光,2126200965,https://music.163.com/playlist?id=2126200965
3951170,97515301,46876,87,2023-02-11,807,运动 散步 地铁 ,209,潮牌店BGM/东山口/安福路/太古里,8157041911,https://music.163.com/playlist?id=8157041911
4375690,64272440,64243,248,2017-01-08,1676,轻音乐 器乐 浪漫 ,66,浪漫主义 献给爱与美,563131486,https://music.163.com/playlist?id=563131486
633291,60282665,4967,23,2017-02-21,38,欧美 兴奋 摇滚 ,150,欧美高燃踩点BGM｜硬汉荷尔蒙的暴力美学,607780636,https://music.163.com/playlist?id=607780636
655257,342371680,9719,33,2023-05-08,87,日语 流行 清新 ,123,日式清新向｜超清新治愈的日语歌单,8405928935,https://music.163.com/playlist?id=8405928935
3257369,129153895,16617,126,2017-09-10,390,粤语 怀旧 流行 ,122,这些声音里藏着故事（粤语男声篇）,914087134,https://music.163.com/playlist?id=914087134
1864426,342371680,14074,15,2023-05-27,175,欧美 流行 快乐 ,140,多巴胺女孩快乐必听曲 | 出街氛围曲,8440497841,https://music.163.com/playlist?id=8440497841
4865665,64631536,64174,957,2016-01-14,619,韩语 流行 影视原声 ,194,【2009-2015】韩国青春偶像剧OST合集,154191310,https://music.163.com/playlist?id=154191310
1222614,99515159,7227,24,2022-06-05,120,华语 流行 摇滚 ,88,华语浪漫摇滚乐队 I 音乐节总是要去的吧,7472353248,https://music.163.com/playlist?id=7472353248
4249506,783819,20218,499,2017-08-27,243,华语 流行 怀旧 ,92,"B面第一首 ""非主打""备胎的忧伤",896260777,https://music.163.com/playlist?id=896260777
43370812,108952364,353529,649,2017-08-25,4810,粤语 流行 怀旧 ,99,粤语女声：永远心仪,893126993,https://music.163.com/playlist?id=893126993
5151239,2129546,211123,932,2013-11-22,3219,民谣 欧美 小语种 ,45,心驰神往，欧洲中古风格民谣,6185746,https://music.163.com/playlist?id=6185746
277585,342371680,1752,6,2023-06-25,30,华语 古风 ,66,戏腔绝唱 | 国风传唱 戏子无情 人间有情,8508826257,https://music.163.com/playlist?id=8508826257
742973,264182445,6895,21,2023-11-20,88,R&B/Soul 欧美 放松 ,112,欧美慵懒R&B | 夕阳挂在海岸上空,8873854259,https://music.163.com/playlist?id=8873854259
4811599,541205766,69062,300,2023-04-06,1079,欧美 R&B/Soul 说唱 ,209,「BTC4」这tm的才叫音乐｜时间减速带 ,8282413383,https://music.163.com/playlist?id=8282413383
1800985,85351650,22367,216,2016-05-03,610,摇滚 钢琴 流行 ,85,钢琴摇滚 I 浪子赠予诗人的一纸情书,374687888,https://music.163.com/playlist?id=374687888
10295762,739256,234265,1014,2014-08-18,5099,爵士 欧美 酒吧 ,42,大师们牛逼轰轰的Swing Jazz,25201357,https://music.163.com/playlist?id=25201357
13462947,2747182,321276,1292,2015-05-06,5649,轻音乐 治愈 感动 ,134,极简主义 | 听见。即诗。,71289185,https://music.163.com/playlist?id=71289185
1256977,85351650,9865,123,2016-12-08,455,欧美 乡村 摇滚 ,64,乡村摇滚 I 一簇炽而不灼的篝火,530916024,https://music.163.com/playlist?id=530916024
1303874,7394345,19663,174,2020-06-22,605,电子 另类/独立 孤独 ,80,Future Garage ' 孤独与守望者的悲鸣,5076804809,https://music.163.com/playlist?id=5076804809
5056327,422440514,51622,154,2023-03-19,808,欧美 流行 说唱 ,189,『欧美R&B Trap』沉浸式抓耳旋律说唱,8245517881,https://music.163.com/playlist?id=8245517881
3795110,85351650,49419,337,2018-02-08,1289,后摇 另类/独立 夜晚 ,117,人声后摇 I 怎奈何琼夜一嗓伶俜,2093273437,https://music.163.com/playlist?id=2093273437
294950,614517058,7775,86,2022-10-23,107,日语 流行 ACG ,144,「四夜人集合！」夜鹿 真夜中 夜游 可惜夜,7703720227,https://music.163.com/playlist?id=7703720227
2419062,1650191296,24639,143,2019-04-28,628,欧美 乡村 旅行 ,96,Country | 自驾旅行，赏乡野风情,2774009329,https://music.163.com/playlist?id=2774009329
29203698,64004173,827389,3958,2015-08-01,6877,日语 ACG 翻唱 ,89,日本人气唱见，每人一首良曲,94284266,https://music.163.com/playlist?id=94284266
3723583,2445590,103715,289,2016-07-02,1331,欧美 古典 影视原声 ,32,电影配乐中的古典乐章｜正声雅音,413889091,https://music.163.com/playlist?id=413889091
13931206,2683821,487194,2669,2016-05-15,7500,小语种 ACG New Age ,91,「造语歌」穿透灵魂 如唱诗般空灵唯美♪,382291922,https://music.163.com/playlist?id=382291922
4498321,33885759,37794,374,2017-02-28,614,粤语 流行 华语 ,97,香港金牌作曲人第二辑｜如果没有雷颂德,615218978,https://music.163.com/playlist?id=615218978
5236110,31080099,97038,896,2014-10-14,1887,摇滚 欧美 工作 ,62,温柔的摇滚吟颂者,32471960,https://music.163.com/playlist?id=32471960
1375898,536648815,19694,56,2021-08-04,581,欧美 R&B/Soul 放松 ,69,Funk舞厅 · 摇摆于复古派对,6897410885,https://music.163.com/playlist?id=6897410885
168431,3259948323,2411,107,2021-07-27,87,伤感 说唱 孤独 ,326,渴望幸福的同时 痛苦也随着蔓延,6884036196,https://music.163.com/playlist?id=6884036196
1557046,311877725,16777,123,2020-02-19,617,影视原声 怀旧 经典 ,70,经典放映室｜美国往事 黑白人生,4872288769,https://music.163.com/playlist?id=4872288769
1824686,31867249,25248,231,2015-02-20,657,欧美 民谣 另类/独立 ,20,当春风吹进民谣里【欧美篇】,53558869,https://music.163.com/playlist?id=53558869
642964,485543957,5473,12,2021-10-14,254,欧美 古典 钢琴 ,39,艺术之魂丨电影中那些至美的「肖邦时刻」,7019680451,https://music.163.com/playlist?id=7019680451
1881061,3432498,51831,226,2020-06-20,1368,欧美 摇滚 另类/独立 ,63,东斯拉夫丨后苏联时代后朋冷潮的复古美学,5073767626,https://music.163.com/playlist?id=5073767626
1141052,35631431,28700,88,2021-01-26,749,日语 流行 经典 ,130,东瀛 1980s 都市流行时光机丨City Pop,5483718802,https://music.163.com/playlist?id=5483718802
4408899,122356259,51285,170,2018-01-14,956,欧美 摇滚 驾车 ,60,公路音乐|纵情追逐梦想与远方,2057923710,https://music.163.com/playlist?id=2057923710
6861431,311877725,63723,334,2016-10-20,822,影视原声 经典 怀旧 ,90,电影慰时光 | 华语怀旧文艺片精选,490158454,https://music.163.com/playlist?id=490158454
4251041,1323364095,56651,263,2020-06-13,1200,欧美 清新 夜晚 ,129,浪漫星空物语☆空灵嗓音与星辰旋律,5062223334,https://music.163.com/playlist?id=5062223334
33431054,897345,606754,3412,2016-03-04,9261,欧美 民谣 乡村 ,100,【民谣盛宴】100首必听欧美民谣,311692545,https://music.163.com/playlist?id=311692545
18364144,92582150,242786,2203,2017-05-19,3155,欧美 流行 90后 ,100,100位欧美90后歌手：他们把青春给了音乐,733122887,https://music.163.com/playlist?id=733122887
8652569,3009378,256557,525,2013-09-17,2187,轻音乐 放松 经典 ,36,背景音乐珍藏，总有一天你会用上的,3924483,https://music.163.com/playlist?id=3924483
21668736,63574988,733495,3647,2015-05-31,12464,轻音乐 日语 ACG ,18,【日系纯音向】夏树眠 蝉在叫 人坏掉❤️,77629049,https://music.163.com/playlist?id=77629049
4442476,322035816,111569,373,2016-11-19,1997,器乐 轻音乐 古典 ,62,弦声摇曳&魅影婆娑——悲泣的提琴之魂,514033019,https://music.163.com/playlist?id=514033019
195305584,6438754,3847868,10397,2014-11-19,41292,流行 欧美 快乐 ,16,那些只听前奏就中毒的英文歌,37432514,https://music.163.com/playlist?id=37432514
18650056,248426205,280752,1534,2018-07-25,3536,华语 民谣 古风 ,112,国风民谣 |满堂花醉三千客，一剑霜寒十四州,2331136477,https://music.163.com/playlist?id=2331136477
4502539,64131531,81819,556,2016-08-05,1613,日语 说唱 安静 ,61,"日系jazz hiphop,鼓点里的浪漫气息",437360812,https://music.163.com/playlist?id=437360812
908824,435792755,18876,135,2020-04-28,416,电子 轻音乐 ACG ,56,童话风电子｜异世界环游，糖果与幻想,4992498533,https://music.163.com/playlist?id=4992498533
4629285,111089166,80862,158,2020-05-21,1333,日语 怀旧 浪漫 ,110,City Pop丨霓虹之都的浪漫旋律❤,5028486868,https://music.163.com/playlist?id=5028486868
6054834,9366336,96523,791,2015-10-02,1550,影视原声 欧美 经典 ,54,音乐不眠！那些音乐题材的电影,112143747,https://music.163.com/playlist?id=112143747
17957176,897345,421538,3737,2015-09-29,7413,轻音乐 兴奋 ,114,牛掰的人是这样拉小提琴的！,111456043,https://music.163.com/playlist?id=111456043
12527243,67853143,378605,1276,2016-06-19,6045,欧美 小语种 流行 ,149,【珍藏】必听的一百五十首音乐剧名曲,404757132,https://music.163.com/playlist?id=404757132
16668355,31199688,314970,1307,2015-12-03,3920,欧美 电子 另类/独立 ,19,【毒】开口沉醉，迷失于这女声,134606748,https://music.163.com/playlist?id=134606748
9701755,53654839,103497,1030,2018-02-11,2462,欧美 电子 浪漫 ,96,玫瑰全都给你 可不可以把你给我？,2097947168,https://music.163.com/playlist?id=2097947168
4147769,83659385,84088,802,2017-08-08,1201,轻音乐 民族 ACG ,158,『异域幻想』妖精乡 · 骑士的放浪冒险谭,872527977,https://music.163.com/playlist?id=872527977
2516214,311877725,52176,320,2016-10-07,1287,欧美 影视原声 感动 ,100,唯美震撼：聆听地球自然的呼吸,480747275,https://music.163.com/playlist?id=480747275
4149895,350556138,51716,161,2017-09-03,1053,摇滚 蓝调 爵士 ,100,一百位爵士吉他大师•爵士乐全风格收录,905194035,https://music.163.com/playlist?id=905194035
730189,80597181,6258,52,2019-02-03,406,欧美 流行 世界音乐 ,137,【德语】莱茵河畔之风拂过心田,2653868848,https://music.163.com/playlist?id=2653868848
15196344,5832286,400231,1140,2016-03-15,6642,古典 放松 器乐 ,41,古典｜从巴洛克到浪漫的你，温柔绵长。,317803115,https://music.163.com/playlist?id=317803115
30216400,44530116,495262,2580,2018-01-27,14974,轻音乐 放松 安静 ,104,助眠辑 | 自然音，伴灵动乐符萦绕耳畔,2075587022,https://music.163.com/playlist?id=2075587022
10293496,720841,120272,1076,2016-06-21,3041,电子 清新 放松 ,46,电音//有点撩骚的萨克斯,405849034,https://music.163.com/playlist?id=405849034
2334145,36193129,16289,140,2019-12-11,671,摇滚 金属 ,204,国摇金属:梦与花火怒放的桀骜篇章,3114158828,https://music.163.com/playlist?id=3114158828
5916183,103672794,113733,552,2016-06-22,2236,浪漫 舞曲 轻音乐 ,32,【摇曳着的优雅与浪漫】三步华尔兹,406761044,https://music.163.com/playlist?id=406761044
14354630,83659385,319446,2653,2017-07-06,4744,民谣 游戏 ACG ,128,『小酒馆』剑与魔法 · 旅途中的休憩时光,800496969,https://music.163.com/playlist?id=800496969
14446075,128196405,273132,860,2017-12-01,4880,欧美 民谣 治愈 ,36,北欧民谣 | 赐你一剂澄净安逸的心灵圣药,1997189512,https://music.163.com/playlist?id=1997189512
4319466,45441555,149935,884,2017-04-07,1542,日语 电子 ACG ,108,水果味汽水｜清甜软萌音捕获你的心,689121986,https://music.163.com/playlist?id=689121986
578506,122356259,9081,90,2018-09-16,422,欧美 摇滚 蓝调 ,42,复古派对|一起跳欢乐的舞蹈吗,2423552205,https://music.163.com/playlist?id=2423552205
3177790,83659385,70274,676,2018-06-02,1289,轻音乐 爵士 ACG ,94,夜雀酒吧｜爵士与幻想乡少女的酒宴,2252139184,https://music.163.com/playlist?id=2252139184
29515020,85351650,733873,4137,2016-03-12,13090,电子 古风 民族 ,523,电子·中国风 I 感受角徵宫商的荡气回肠,316223640,https://music.163.com/playlist?id=316223640
11544015,50255421,147857,933,2018-09-15,3436,轻音乐 清新 安静 ,68,『纯音乐』当雨滴敲响琴键,2420545066,https://music.163.com/playlist?id=2420545066
11514344,1650191296,74441,321,2019-09-26,1448,华语 古风 流行 ,137,国风新潮大赏 | 歌声岂合世间闻,3001035934,https://music.163.com/playlist?id=3001035934
2861567,306851500,35307,202,2020-03-02,835,经典 欧美 怀旧 ,44,诗人篇 | 那些藏在音乐里的文学宝藏,4893733399,https://music.163.com/playlist?id=4893733399
30083524,7394345,252089,839,2016-11-20,7888,华语 民谣 孤独 ,287,华语民谣 I 孤独的心诠释诗意和远方,514947114,https://music.163.com/playlist?id=514947114
1714214,418592306,22564,70,2018-09-06,565,欧美 影视原声 钢琴 ,32,电影中的钢琴曲丨恋语哼唱，佳片有约,2407040250,https://music.163.com/playlist?id=2407040250
3247486,45441555,86055,443,2017-07-10,1264,日语 治愈 ACG ,35,少女心ღ｜恋爱是颗苹果糖,805407063,https://music.163.com/playlist?id=805407063
2165416,341030416,22824,62,2019-07-11,962,Bossa Nova 爵士 拉丁 ,158,Bossa Nova｜聆听热情桑巴中的慵懒时光,2879306923,https://music.163.com/playlist?id=2879306923
9509048,122356259,190420,1139,2018-03-03,4254,欧美 酒吧 爵士 ,39,黑胶酒馆|耳畔的浪漫眼中的你,2125737991,https://music.163.com/playlist?id=2125737991
2258402,306851500,26362,66,2020-04-18,833,爵士 欧美 ,30,复古慵懒 | 当经典摇滚被爵士如此演绎,4974682089,https://music.163.com/playlist?id=4974682089
9360184,1650191296,79648,356,2019-08-14,1917,欧美 R&B/Soul 夜晚 ,299,倾吐隐秘情绪｜百位R&B歌手精选,2936255937,https://music.163.com/playlist?id=2936255937
5772448,75179909,141899,1776,2016-05-28,4532,后摇 孤独 器乐 ,300,300支后摇乐队，300种感性共鸣,390783436,https://music.163.com/playlist?id=390783436
11093060,44293336,137062,821,2015-01-24,1915,运动 兴奋 电子 ,44,超带感骑行音乐无限循环公路党狂飙,48293091,https://music.163.com/playlist?id=48293091
2435471,45441555,83378,823,2016-09-27,1098,日语 治愈 ACG ,398,软萌合唱｜让可愛治愈这个世界,473445872,https://music.163.com/playlist?id=473445872
12201705,302227129,138254,436,2017-11-15,2350,民谣 欧美 怀旧 ,100,欧美民谣 I 往昔璀璨如钻 却又锈迹斑斑,997386069,https://music.163.com/playlist?id=997386069
4914399,46665989,74567,294,2015-10-07,2376,爵士 放松 欧美 ,51,「Cool Jazz」冷爵士让你全身心放松,113780871,https://music.163.com/playlist?id=113780871
33820800,286427520,533752,1779,2018-01-20,16122,古典 下午茶 学习 ,124,古典清香 I 我的茶馆里住着巴赫与肖邦,2065854146,https://music.163.com/playlist?id=2065854146
2646416,111089166,35215,130,2020-05-21,778,日语 怀旧 经典 ,39,怀旧金曲丨那些原唱是日语的经典老歌,5028497628,https://music.163.com/playlist?id=5028497628
62337976,78905899,1717769,6320,2015-10-04,28262,轻音乐 钢琴 ACG ,127,"〖唯美纯音〗不需要歌词,也可以打动你的心",112875926,https://music.163.com/playlist?id=112875926
56588344,108952364,504016,1063,2018-07-12,5263,华语 流行 民谣 ,99,100首华语民谣，因为懂得才有共鸣,2312165875,https://music.163.com/playlist?id=2312165875
87855072,103159696,995406,20497,2016-04-07,55279,轻音乐 夜晚 安静 ,32,深度睡眠 |重度失眠者专用歌单,331841455,https://music.163.com/playlist?id=331841455
6054395,122356259,107154,289,2017-12-01,2478,爵士 Bossa Nova 小语种 ,34,法语爵士|红酒与玫瑰浪漫邂逅,1997190595,https://music.163.com/playlist?id=1997190595
35337,12488716217,499,7,2025-02-21,17,伤感 怀旧 思念 ,71,誓言只有听的人记得,13350121894,https://music.163.com/playlist?id=13350121894
176335,1712319614,613,2,2024-11-26,26,华语 伤感 夜晚 ,172,这些歌的杀伤力不亚于初恋,12917330034,https://music.163.com/playlist?id=12917330034
172400,1807843340,3984,14,2024-06-16,34,日语 摇滚 ,64,有刺无刺 gbc 哭泣少女乐队 （全收集）,10182123823,https://music.163.com/playlist?id=10182123823
7827798,107742044,23186,181,2024-08-31,155,华语 流行 综艺 ,169,封神音综：顶级编唱神仙都沦陷！,12541082075,https://music.163.com/playlist?id=12541082075
3833,2143240154,51,评论,2025-04-01,1,华语 流行 说唱 ,58,【直播精选】氛围神曲！专治冷场+互动少！,13525586727,https://music.163.com/playlist?id=13525586727
481,1426317247,9,评论,2025-05-22,0,流行 伤感 网络歌曲 ,134,如果泪水比爱多那我们就划船吧.,13743185978,https://music.163.com/playlist?id=13743185978
1569484,445189786,12803,92,2024-05-07,194,欧美 R&B/Soul 90后 ,41,欧美R&B入坑曲：封神旋律 是谁的一代青春,10009377589,https://music.163.com/playlist?id=10009377589
333033,8566840179,4408,10,2024-08-17,92,欧美 放松 治愈 ,51,INFP | 安静 温柔 独处 慢热 艺术家,12472551762,https://music.163.com/playlist?id=12472551762
37391,9325490563,522,5,2024-06-10,6,伤感 治愈 ,177,她什么也不图 你也什么都没给她,10154115711,https://music.163.com/playlist?id=10154115711
452901,107742044,1275,5,2024-09-10,18,华语 流行 感动 ,152,薛之谦 汪苏泷 毛不易 陈楚生 杨宗纬,12582178406,https://music.163.com/playlist?id=12582178406
50121,5088441805,660,6,2024-07-29,9,说唱 伤感 网络歌曲 ,56,拧巴的人需要一个耐心的恋人,12372684314,https://music.163.com/playlist?id=12372684314
215311,1463347797,5363,53,2024-04-13,205,华语 流行 浪漫 ,57,许嵩「呼吸之野」巡演歌单 遨游音乐旷野,9781487598,https://music.163.com/playlist?id=9781487598
536,342371680,9,评论,2025-05-11,1,华语 流行 感动 ,35,“做有意义的事 过有意义的人生”,13699185939,https://music.163.com/playlist?id=13699185939
337363,342371680,4420,19,2024-02-11,66,欧美 流行 治愈 ,102,寂静鸣远 | 绿野 清风 平静 惬意 自由,9288016663,https://music.163.com/playlist?id=9288016663
47845,5018311139,55,11,2025-03-17,210,华语 流行 ,151,华语R&BI我比你早知道我们不合适,13458248056,https://music.163.com/playlist?id=13458248056
100891,1823463877,751,10,2024-12-24,9,华语 摇滚 孤独 ,297,小众的爱好 不必在意大众的眼光.,13037027783,https://music.163.com/playlist?id=13037027783
22363,5187681865,81,评论,2025-04-22,1,快乐 流行 ,162,表白情歌丨甜蜜度99%的告白恋歌,13609088551,https://music.163.com/playlist?id=13609088551
576633,342371680,2356,15,2024-11-03,32,欧美 流行 快乐 ,151,多巴胺女孩必听曲 | 阳光 律动 氛围感,12815718733,https://music.163.com/playlist?id=12815718733
119379,278461291,1675,13,2024-11-07,309,华语 流行 摇滚 ,23,2025年黑屋乐队《爱围绕在你左右》巡演歌单,12828625135,https://music.163.com/playlist?id=12828625135
200494,8664728565,4379,19,2024-08-28,57,治愈 轻音乐 欧美 ,431,INFP氛围/ 欢迎来到小蝴蝶的精神角落,12526458697,https://music.163.com/playlist?id=12526458697
76615,7872690377,723,13,2024-08-20,16,轻音乐 学习 放松 ,32,治愈纯音｜学习专注必备的合伙人小众轻音乐,12488525787,https://music.163.com/playlist?id=12488525787
17151,582677665,109,1,2024-11-21,3,快乐 舞曲 网络歌曲 ,79,『口水旋律』欢快的蝴蝶步And更快乐的我,12892844783,https://music.163.com/playlist?id=12892844783
52057,1520836115,337,评论,2025-03-24,9,流行 欧美 治愈 ,138,改变磁场，吸引好运，快乐玄学100％欧美系,13490693426,https://music.163.com/playlist?id=13490693426
45375,301543163,723,6,2024-11-02,10,流行 华语 说唱 ,37,【你也喜欢·伍六七】合集歌单 | 更新中,12806708281,https://music.163.com/playlist?id=12806708281
2035026,1689800452,8374,98,2024-11-23,146,华语 R&B/Soul 经典 ,78,华语R&B大合集来啦 有你心中最爱嘛,12899559575,https://music.163.com/playlist?id=12899559575
105175,1302452383,614,评论,2024-10-24,9,流行 电子 驾车 ,91,英文dj 车载｜ 雨夜 法拉利进行曲,12767028286,https://music.163.com/playlist?id=12767028286
3824,8087730316,105,51,2025-04-10,16,伤感 ,28,神总是忧郁的(5000播放量送专辑),13564438855,https://music.163.com/playlist?id=13564438855
265690,342371680,2601,18,2024-01-27,46,流行 治愈 欧美 ,95,“山野万里 你是我藏在微风中的欢喜”,9211132654,https://music.163.com/playlist?id=9211132654
2216,1661470704,9,评论,2025-04-29,0,欧美 流行 榜单 ,72,欧美超火金曲：点赞999w+的英文歌精选集,13642432458,https://music.163.com/playlist?id=13642432458
16580,1661470704,79,评论,2025-04-29,1,华语 R&B/Soul 夜晚 ,127,R&B宝藏：沉浸慵懒嗓音的音乐之旅,13642442214,https://music.163.com/playlist?id=13642442214
118321,342371680,941,6,2024-03-07,12,欧美 R&B/Soul 流行 ,77,R&B/Soul甜味向：清新 可爱且快乐鼓点 ,9388796032,https://music.163.com/playlist?id=9388796032
1729,317985272,33,评论,2025-05-13,0,日语 流行 90后 ,47,日语神曲｜旋律一响又是谁的DNA动了,13710020593,https://music.163.com/playlist?id=13710020593
884,342371680,6,评论,2025-04-28,0,欧美 流行 快乐 ,158,假日清新风| 自由 律动 阳光活力walk！,13637232310,https://music.163.com/playlist?id=13637232310
423791,8376551360,2113,5,2024-11-25,45,欧美 流行 快乐 ,112,多巴胺快乐歌单~用音乐奏响生活的乐章！,12909334011,https://music.163.com/playlist?id=12909334011
148346,342371680,1011,1,2024-07-16,28,欧美 流行 治愈 ,156,自由是灵魂的氧气 | 好运 提升磁场向！,12315298638,https://music.163.com/playlist?id=12315298638
73120,4892938356,835,3,2024-03-24,9,流行 欧美 华语 ,88,Amapiano | 一些很喜欢的Afro元素音乐,9514057070,https://music.163.com/playlist?id=9514057070
346780,1661470704,2200,3,2025-02-03,27,华语 流行 综艺 ,169,天赐的声音第六季 ｜ 《1-6期全收录》,13260176311,https://music.163.com/playlist?id=13260176311
2766,90928936,13,评论,2025-03-15,0,欧美 流行 放松 ,200,欧美精选丨200首欧美动感热曲收录,13447327410,https://music.163.com/playlist?id=13447327410
238033,1667609739,2474,7,2024-04-24,9,说唱 伤感 夜晚 ,81,伤感Emo说唱「没你 要我怎么幸福」,9887455167,https://music.163.com/playlist?id=9887455167
211607,8376551360,1832,24,2024-06-04,28,欧美 R&B/Soul 浪漫 ,102,清新向R&B | 浪漫鼓点 阳光少年微醺甜蜜感,10129205647,https://music.163.com/playlist?id=10129205647
79374,342371680,300,10,2025-01-02,11,华语 流行 R&B/Soul ,69,华语R&B | 浪漫又清新的节奏布鲁斯,13083691796,https://music.163.com/playlist?id=13083691796
49915,342371680,352,评论,2024-08-05,9,欧美 流行 放松 ,149,欧美阳光&律动向 | 好运阳光 高能量磁场！,12408179278,https://music.163.com/playlist?id=12408179278
160816,7962280330,1647,33,2024-12-21,28,伤感 孤独 ,38,我再也不要成为任何人生命中的一点点,13026946092,https://music.163.com/playlist?id=13026946092
25165,584629229,175,4,2025-02-09,5,欧美 R&B/Soul 流行 ,118,欧美华语R&B比伯盆栽断眉戳爷,13296587151,https://music.163.com/playlist?id=13296587151
233938,1378494832,2503,15,2024-09-10,45,欧美 浪漫 流行 ,69,电影氛围·高级唯美质感·审美积累,12580093585,https://music.163.com/playlist?id=12580093585
3026,602970926,9,评论,2025-04-13,1,说唱 酒吧 兴奋 ,135,「旋律说唱补给箱」治愈emo的超强音浪,13579880265,https://music.163.com/playlist?id=13579880265
60277,5161102955,425,3,2025-02-12,13,欧美 流行 散步 ,151,【欧美歌单】R＆B/旋律控/I人会听,13312120795,https://music.163.com/playlist?id=13312120795
2653,342371680,21,评论,2025-04-12,1,华语 流行 快乐 ,54,粉色心动 | 音乐一响 甜妹登场！,13575300575,https://music.163.com/playlist?id=13575300575
324877,471956297,5297,26,2024-12-01,122,学习 治愈 轻音乐 ,104,【高质量纯音】带你放松|享受自然,12937783580,https://music.163.com/playlist?id=12937783580
47156,1962160226,2045,47,2025-02-02,28,华语 古风 快乐 ,126,重生之我在燕云当少东家【燕云十六声】,13252979332,https://music.163.com/playlist?id=13252979332
13056,8664728565,198,2,2024-09-08,3,流行 伤感 网络歌曲 ,58,拧巴的人需要一个耐心的恋人,12572749633,https://music.163.com/playlist?id=12572749633
19201,1520080652,117,评论,2025-05-16,2,流行 华语 下午茶 ,174,甜甜恋曲｜我爱你也不是什么大秘密,13718608902,https://music.163.com/playlist?id=13718608902
2220,342371680,77,2,2025-04-17,1,轻音乐 治愈 清新 ,20,春日传讯 | 鲜活 旺盛 盎然 绿意 生命力,13592502392,https://music.163.com/playlist?id=13592502392
53103,1776663236,363,1,2025-03-07,3,韩语 流行 怀旧 ,50,K-pop现象神曲 | 回听韩流超世代音浪,13414441947,https://music.163.com/playlist?id=13414441947
136561,327790034,670,4,2024-05-07,7,欧美 电子 驾车 ,128,『蹦迪 车载 抖腿』车窗摇下，声音调到最大,10010180284,https://music.163.com/playlist?id=10010180284
39247,1957705066,69,2,2025-03-11,5,华语 流行 网络歌曲 ,200,强推！孕期私藏，耳朵的暖心补给站,13430202728,https://music.163.com/playlist?id=13430202728
74002,1426317247,806,20,2024-07-16,15,网络歌曲 伤感 安静 ,34,命缘相思苦刀斩不断忧郁,12314170533,https://music.163.com/playlist?id=12314170533
41389,1957705066,64,评论,2025-03-11,1,流行 华语 网络歌曲 ,200,强推！孕期私藏，耳朵的暖心补给站,13430549581,https://music.163.com/playlist?id=13430549581
56387,4000950546,537,2,2024-09-14,13,R&B/Soul 夜晚 浪漫 ,104,日落加州｜顶级浪漫｜在橘子海感受温暖,12599035020,https://music.163.com/playlist?id=12599035020
233115,1546777331,3364,16,2025-02-04,53,欧美 流行 R&B/Soul ,190,自由慵懒适合城市漫步的BGM,13265149679,https://music.163.com/playlist?id=13265149679
296758,8376551360,1980,7,2024-03-21,25,华语 流行 快乐 ,75,中文小甜歌 | 适合恋爱听的快乐中文小调！,9494636108,https://music.163.com/playlist?id=9494636108
76993,5088441805,1064,5,2024-08-21,25,欧美 放松 治愈 ,56,INFP | 安静 温柔 独处 慢热 艺术家,12494466847,https://music.163.com/playlist?id=12494466847
74610,8140765863,1078,25,2025-02-04,25,网络歌曲 说唱 ,179,她跟萤火虫有两个共同点,13266139215,https://music.163.com/playlist?id=13266139215
947077,1520836115,3680,16,2024-12-29,48,欧美 流行 快乐 ,104,开启好心情丨高能量显化歌曲,13061620601,https://music.163.com/playlist?id=13061620601
363202,342371680,6973,27,2024-07-10,241,欧美 R&B/Soul 性感 ,111,炒菜R&B | 浪漫 微醺 迷醉 卧室氛围感,12289970625,https://music.163.com/playlist?id=12289970625
40511,1661470704,494,1,2024-07-26,4,欧美 R&B/Soul 榜单 ,126,欧美R&B榜Ⅰ官方TOP排行榜(每周更新100%）,12359080480,https://music.163.com/playlist?id=12359080480
450570,3854139846,6624,34,2024-07-29,135,说唱 流行 伤感 ,124,又听说唱听emo了（SIX_0ne的作品歌单）,12368543564,https://music.163.com/playlist?id=12368543564
368695,8448359473,2225,213,2025-02-02,335,电子 驾车 性感 ,115,精神萎靡 | 来点 phonk 高燃硬曲,13255967372,https://music.163.com/playlist?id=13255967372
173647,342371680,1343,3,2024-06-06,29,欧美 流行 快乐 ,127,禁止蕉绿 | 快乐小调 美好心情催化剂~,10136606601,https://music.163.com/playlist?id=10136606601
259550,5088441805,3317,12,2024-08-31,80,轻音乐 治愈 放松 ,96,春天｜让人心情放松的春日歌单,12541249642,https://music.163.com/playlist?id=12541249642
2795,445189786,72,评论,2025-05-22,4,流行 思念 网络歌曲 ,134,如果泪水比爱多那我们就划船吧.,13743018730,https://music.163.com/playlist?id=13743018730
47521,1546777331,263,2,2025-03-05,11,华语 流行 浪漫 ,174,甜甜的歌｜要和喜欢的人一起听,13403814226,https://music.163.com/playlist?id=13403814226
59806,342371680,456,1,2025-03-22,5,华语 流行 快乐 ,55,甜味心动 | 可爱日常 贩卖心动与温柔,13479835090,https://music.163.com/playlist?id=13479835090
41078,7872690377,226,7,2024-09-09,22,华语 R&B/Soul ,60,合伙人热荐 | 独属于华语R&B时刻的温柔暮色,12577693902,https://music.163.com/playlist?id=12577693902
130467,342371680,2034,6,2025-03-14,56,流行 放松 清新 ,67,春日松弛室 | 惬意 悠然 躺在绿意里呼吸,13439533438,https://music.163.com/playlist?id=13439533438
535654,342371680,3992,12,2024-05-17,64,欧美 流行 快乐 ,170,自由向上的生命力 | 阳光活力walk！,10061072540,https://music.163.com/playlist?id=10061072540
11376,1724585681,60,评论,2025-05-18,0,欧美 流行 榜单 ,202,【欧美金曲榜】抓耳节奏瞬间上头,13730190872,https://music.163.com/playlist?id=13730190872
150665,435481681,1170,6,2024-11-11,23,华语 R&B/Soul 经典 ,67,R&B ‖ 哪一首才是你心目中的NO.1,12847411209,https://music.163.com/playlist?id=12847411209
36261,7872690377,399,8,2024-09-10,21,欧美 R&B/Soul ,58,合伙人精选 |微醺沉沦的欧美R&B浪漫旋律,12582291729,https://music.163.com/playlist?id=12582291729
13938,8376551360,112,1,2025-04-12,5,华语 流行 快乐 ,136,小甜歌pink | 浪漫值拉满 甜蜜拉扯上头曲,13575193356,https://music.163.com/playlist?id=13575193356
13678,342371680,430,5,2025-04-19,28,治愈 安静 轻音乐 ,31,“身处旷野，任何方向都是前方”,13601425452,https://music.163.com/playlist?id=13601425452
86207,342371680,825,4,2025-03-22,8,流行 快乐 浪漫 ,65,粉色心情 | 可爱 甜蜜 少女 专属心动歌单,13477994443,https://music.163.com/playlist?id=13477994443
663880,342371680,5999,18,2024-04-10,84,R&B/Soul 浪漫 流行 ,88,无前奏R&B | 开口沦陷 强吻般浪漫布鲁斯,9744022802,https://music.163.com/playlist?id=9744022802
55694,1441693004,618,6,2024-08-06,22,流行 日语 ,79,轻快日式浪漫|温柔花绽夜之谣,12416814674,https://music.163.com/playlist?id=12416814674
114137,342371680,1037,3,2024-04-15,16,欧美 R&B/Soul 浪漫 ,57,无前奏R&B | 开口脆 没有前奏的歌就像强吻,9791741218,https://music.163.com/playlist?id=9791741218
78227,356540808,1444,26,2024-11-03,182,游戏 ACG ,23,【2025音律联觉】熠曲丰碑歌单(正序）,12810702009,https://music.163.com/playlist?id=12810702009
170168,3948770377,1244,5,2024-12-22,38,欧美 R&B/Soul 蓝调 ,124,『欧美R&B』如果忧郁是种天赋,13032410131,https://music.163.com/playlist?id=13032410131
96082,3993972523,3898,32,2024-08-29,81,欧美 感动 ,30,女巫专用｜“ 我们是女巫的女儿们” ,12532495435,https://music.163.com/playlist?id=12532495435
147128,342371680,1630,2,2025-04-12,29,华语 流行 快乐 ,70,『甜度值100%』幸运降临 甜妹登场！,13574021300,https://music.163.com/playlist?id=13574021300
87858,1625306811,1109,16,2024-03-05,25,流行 伤感 摇滚 ,232,emo旋律｜我的两种极端 过度分享和一言不发,9381620763,https://music.163.com/playlist?id=9381620763
352534,12175956425,5227,74,2024-12-29,111,孤独 伤感 ,50,求你 不要嫌弃我手腕上的疤和发抖的手.,13067108784,https://music.163.com/playlist?id=13067108784
17483,8240284203,279,3,2024-12-28,19,散步 清晨 夜晚 ,84,和我痛骂世界的是非 然后只对我好,13059490479,https://music.163.com/playlist?id=13059490479
95620,45356986,522,11,2025-03-04,25,华语 清新 ,50,春日缱绻 邂逅一场美好蓄意浪漫,13400885874,https://music.163.com/playlist?id=13400885874
105250,1426317247,1476,6,2024-11-10,29,放松 治愈 轻音乐 ,70,【高质量纯音】带你放松｜享受自然,12844052139,https://music.163.com/playlist?id=12844052139
17844,7872690377,53,1,2025-02-27,4,华语 R&B/Soul 散步 ,50,合伙人推荐｜爱上华语R&B这辈子就定型了,13373969559,https://music.163.com/playlist?id=13373969559
78190,8566840179,250,评论,2025-03-14,3,流行 伤感 安静 ,34,命缘相思苦刀斩不断忧郁,13442704053,https://music.163.com/playlist?id=13442704053
44249,1316550964,675,4,2025-03-11,30,流行 说唱 伤感 ,196,你说你的过去总是让你掉眼泪,13432498217,https://music.163.com/playlist?id=13432498217
101542,3948856579,1078,86,2024-09-08,213,流行 说唱 ,232,向你展露的那部分天真 是我错了,12575238943,https://music.163.com/playlist?id=12575238943
46358,342371680,1232,4,2025-04-17,40,轻音乐 流行 清新 ,42,春核美学 | 绿意 盎然 鲜活 旺盛 生命力,13592355277,https://music.163.com/playlist?id=13592355277
